Workbook

Sheet 2016
A1: S/N | B1: State | C1: January (Net) | D1: January (Gross) | E1: February (Net) | F1: February (Gross) | G1: March (Net) | H1: March (Gross) | I1: April (Net) | J1: April (Gross) | K1: May (Net) | L1: May (Gross) | M1: June (Net) | N1: June (Gross) | O1: July (Net) | P1: July (Gross) | Q1: August (Net) | R1: August (Gross) | S1: September,(Net) | T1: September,(Gross) | U1: October.(Net) | V1: October (Gross) | W1: November (Net) | X1: November (Gross) | Y1: December (Net) | Z1: December (Gross) | AA1: Total Net | AB1: Total IGR | AC1: Total Net USD | AD1: Total IGR USD
A2: 1 | B2: Abia | C2: 2.2776426e+09 | D2: 2.661403e+09 | E2: 1.9384472e+09 | F2: 2.2942563e+09 | G2: 2.0563566e+09 | H2: 2.1979028e+09 | I2: 2.0800235e+09 | J2: 2.1315972e+09 | K2: 1.9239825e+09 | L2: 2.2523842e+09 | M2: 3.5509245e+09 | N2: 3.8793262e+09 | O2: 3.2198155e+09 | P2: 3.5598836e+09 | Q2: 3.0074505e+09 | R2: 3.3515434e+09 | S2: 2.6375943e+09 | T2: 2.9816871e+09 | U2: 2.7960548e+09 | V2: 3.1359154e+09 | W2: 2.5325397e+09 | X2: 2.8724003e+09 | Y2: 2.5370166e+09 | Z2: 2.9074758e+09 | AA2: =SUM(C2,E2,G2,I2,K2,M2,O2,Q2,S2,U2,W2,Y2) -> 3.0557848e+10 | AB2: =AA2+Z2 -> 3.3465324e+10 | AC2: =AA2/253 -> 1.2078201e+08 | AD2: =AB2/253 -> 1.3227401e+08
A3: 2 | B3: Adamawa | C3: 2.2230185e+09 | D3: 2.5741739e+09 | E3: 2.0320397e+09 | F3: 2.3831951e+09 | G3: 2.0194574e+09 | H3: 2.1302282e+09 | I3: 2.0197201e+09 | J3: 2.0405183e+09 | K3: 1.8287582e+09 | L3: 2.1799136e+09 | M3: 3.5355466e+09 | N3: 3.886702e+09 | O3: 3.0450583e+09 | P3: 3.3962137e+09 | Q3: 3.1476096e+09 | R3: 3.5182343e+09 | S3: 2.5405235e+09 | T3: 2.9111482e+09 | U3: 2.523857e+09 | V3: 2.8944817e+09 | W3: 2.3495521e+09 | X3: 2.7201768e+09 | Y3: 2.4547963e+09 | Z3: 2.825421e+09 | AA3: =SUM(C3,E3,G3,I3,K3,M3,O3,Q3,S3,U3,W3,Y3) -> 2.9719937e+10 | AB3: =AA3+Z3 -> 3.2545358e+10 | AC3: =AA3/253 -> 1.1747011e+08 | AD3: =AB3/253 -> 1.2863778e+08
A4: 3 | B4: Akwa Ibom | C4: 8.5566838e+09 | D4: 9.6888125e+09 | E4: 8.9455421e+09 | F4: 1.0077671e+10 | G4: 8.2684255e+09 | H4: 8.8030915e+09 | I4: 6.5674216e+09 | J4: 7.0091795e+09 | K4: 6.8475737e+09 | L4: 8.0323886e+09 | M4: 9.1610911e+09 | N4: 1.0345906e+10 | O4: 1.1264224e+10 | P4: 1.2322363e+10 | Q4: 1.3854814e+10 | R4: 1.4934351e+10 | S4: 8.7164677e+09 | T4: 9.8910142e+09 | U4: 6.1327649e+09 | V4: 7.2123112e+09 | W4: 5.3752065e+09 | X4: 6.4547528e+09 | Y4: 9.1241299e+09 | Z4: 1.0203676e+10 | AA4: =SUM(C4,E4,G4,I4,K4,M4,O4,Q4,S4,U4,W4,Y4) -> 1.0281435e+11 | AB4: =AA4+Z4 -> 1.1301802e+11 | AC4: =AA4/253 -> 4.0638081e+08 | AD4: =AB4/253 -> 4.4671155e+08
A5: 4 | B5: Anambra | C5: 2.5180022e+09 | D5: 2.6486353e+09 | E5: 2.3136767e+09 | F5: 2.4443098e+09 | G5: 2.0614108e+09 | H5: 2.1920439e+09 | I5: 2.0784786e+09 | J5: 2.1191391e+09 | K5: 2.1168077e+09 | L5: 2.2474407e+09 | M5: 3.8283189e+09 | N5: 3.958952e+09 | O5: 3.332951e+09 | P5: 3.4635848e+09 | Q5: 3.4398625e+09 | R5: 3.5943602e+09 | S5: 2.8146224e+09 | T5: 2.9691201e+09 | U5: 2.8086915e+09 | V5: 2.9631892e+09 | W5: 2.6900397e+09 | X5: 2.8445374e+09 | Y5: 2.7382366e+09 | Z5: 2.8927343e+09 | AA5: =SUM(C5,E5,G5,I5,K5,M5,O5,Q5,S5,U5,W5,Y5) -> 3.2741099e+10 | AC5: =AA5/253 -> 1.2941146e+08 | AD5: =AB5/253 -> 0
A6: 5 | B6: Bauchi | C6: 2.5570368e+09 | D6: 3.0616633e+09 | E6: 2.2572019e+09 | F6: 2.8159952e+09 | G6: 2.1523572e+09 | H6: 2.5119153e+09 | I6: 2.048627e+09 | J6: 2.4081851e+09 | K6: 1.9652552e+09 | L6: 2.5779099e+09 | M6: 4.0092748e+09 | N6: 4.6219295e+09 | O6: 3.4354443e+09 | P6: 4.0480991e+09 | Q6: 3.5213066e+09 | R6: 4.1667945e+09 | S6: 2.3590718e+09 | T6: 3.4509762e+09 | U6: 2.7893869e+09 | V6: 3.4348747e+09 | W6: 2.442013e+09 | X6: 3.2470567e+09 | Y6: 2.4302651e+09 | Z6: 3.32395e+09 | AA6: =SUM(C6,E6,G6,I6,K6,M6,O6,Q6,S6,U6,W6,Y6) -> 3.1967241e+10 | AB6: =AA6+Z6 -> 3.5291191e+10 | AC6: =AA6/253 -> 1.2635273e+08 | AD6: =AB6/253 -> 1.3949087e+08
A7: 6 | B7: Bayelsa | C7: 2.9843265e+09 | D7: 6.0328135e+09 | E7: 2.165039e+09 | F7: 5.4994356e+09 | G7: 2.4233059e+09 | H7: 4.8573118e+09 | I7: 3.3965037e+09 | J7: 4.9527548e+09 | K7: 2.816868e+09 | L7: 5.1257113e+09 | M7: 4.9824191e+09 | N7: 7.2912624e+09 | O7: 6.6315836e+09 | P7: 8.9404369e+09 | Q7: 7.6026974e+09 | R7: 9.9200062e+09 | S7: 6.3559369e+09 | T7: 8.7298849e+09 | U7: 8.1153594e+09 | V7: 1.0432632e+10 | W7: 6.2887502e+09 | X7: 8.606059e+09 | Y7: 6.644847e+09 | Z7: 8.04694e+09 | AA7: =SUM(C7,E7,G7,I7,K7,M7,O7,Q7,S7,U7,W7,Y7) -> 6.0407637e+10 | AB7: =AA7+Z7 -> 6.8454577e+10 | AC7: =AA7/253 -> 2.3876536e+08 | AD7: =AB7/253 -> 2.7057145e+08
A8: 7 | B8: Benue | C8: 2.1029361e+09 | D8: 2.8701126e+09 | E8: 1.8015765e+09 | F8: 2.6587257e+09 | G8: 1.7194458e+09 | H8: 2.3783535e+09 | I8: 1.7421465e+09 | J8: 2.3110816e+09 | K8: 1.5349603e+09 | L8: 2.4501698e+09 | M8: 3.8863835e+09 | N8: 4.4332015e+09 | O8: 3.2616376e+09 | P8: 3.0084556e+09 | Q8: 3.3760748e+09 | R8: 3.9284671e+09 | S8: 2.7256926e+09 | T8: 3.2780849e+09 | U8: 2.7009933e+09 | V8: 3.2533857e+09 | W8: 2.4470553e+09 | X8: 3.0507854e+09 | Y8: 2.5443619e+09 | Z8: 3.148092e+09 | AA8: =SUM(C8,E8,G8,I8,K8,M8,O8,Q8,S8,U8,W8,Y8) -> 2.9843264e+10 | AB8: =AA8+Z8 -> 3.2991356e+10 | AC8: =AA8/253 -> 1.1795757e+08 | AD8: =AB8/253 -> 1.3040062e+08
A9: 8 | B9: Borno | C9: 2.8711257e+09 | D9: 3.0800159e+09 | E9: 2.6652101e+09 | F9: 2.8741004e+09 | G9: 2.4110653e+09 | H9: 2.5508558e+09 | I9: 2.4219381e+09 | J9: 2.4350529e+09 | K9: 2.1476006e+09 | L9: 2.6110821e+09 | M9: 4.2600407e+09 | N9: 4.7235222e+09 | O9: 3.6647473e+09 | P9: 4.1282288e+09 | Q9: 3.9063184e+09 | R9: 4.2468128e+09 | S9: 3.2214927e+09 | T9: 3.561987e+09 | U9: 3.2083732e+09 | V9: 3.5488676e+09 | W9: 2.9285037e+09 | X9: 3.2689981e+09 | Y9: 3.0351035e+09 | Z9: 3.3755979e+09 | AA9: =SUM(C9,E9,G9,I9,K9,M9,O9,Q9,S9,U9,W9,Y9) -> 3.6741519e+10 | AB9: =AA9+Z9 -> 4.0117117e+10 | AC9: =AA9/253 -> 1.452234e+08 | AD9: =AB9/253 -> 1.5856568e+08
A10: 9 | B10: Cross River | C10: 1.0695907e+09 | D10: 2.5520125e+09 | E10: 9.6749496e+08 | F10: 2.3728142e+09 | G10: 1.2299359e+09 | H10: 2.1259965e+09 | I10: 1.1842772e+09 | J10: 2.0303653e+09 | K10: 8.0406098e+08 | L10: 2.1785646e+09 | M10: 2.6516795e+09 | N10: 4.0261831e+09 | O10: 1.9879181e+09 | P10: 3.3945565e+09 | Q10: 2.0420408e+09 | R10: 3.5070092e+09 | S10: 1.4370766e+09 | T10: 2.9020452e+09 | U10: 1.4333245e+09 | V10: 2.8982929e+09 | W10: 1.2697484e+09 | X10: 2.7347167e+09 | Y10: 1.2716612e+09 | Z10: 2.8307456e+09 | AA10: =SUM(C10,E10,G10,I10,K10,M10,O10,Q10,S10,U10,W10,Y10) -> 1.7348809e+10 | AB10: =AA10+Z10 -> 2.0179555e+10 | AC10: =AA10/253 -> 68572367 | AD10: =AB10/253 -> 79761085
A11: 10 | B11: Delta | C11: 6.0621621e+09 | D11: 8.5766569e+09 | E11: 6.5204737e+09 | F11: 8.9082926e+09 | G11: 6.4271199e+09 | H11: 7.7966035e+09 | I11: 4.2077677e+09 | J11: 5.4505755e+09 | K11: 2.8909135e+09 | L11: 5.1507167e+09 | M11: 5.1110055e+09 | N11: 7.3708088e+09 | O11: 5.9843356e+09 | P11: 8.2441388e+09 | Q11: 7.3919405e+09 | R11: 9.6613238e+09 | S11: 5.6360269e+09 | T11: 7.9557738e+09 | U11: 8.092987e+09 | V11: 1.036237e+10 | W11: 6.3246707e+09 | X11: 8.5940541e+09 | Y11: 6.1724923e+09 | Z11: 8.4418757e+09 | AA11: =SUM(C11,E11,G11,I11,K11,M11,O11,Q11,S11,U11,W11,Y11) -> 7.0821896e+10 | AB11: =AA11+Z11 -> 7.9263771e+10 | AC11: =AA11/253 -> 2.7992844e+08 | AD11: =AB11/253 -> 3.1329554e+08
A12: 11 | B12: Ebonyi | C12: 2.1671497e+09 | D12: 2.3020052e+09 | E12: 1.9931027e+09 | F12: 2.1267289e+09 | G12: 1.7811665e+09 | H12: 1.906834e+09 | I12: 1.7899769e+09 | J12: 1.8247269e+09 | K12: 1.8435737e+09 | L12: 1.9754804e+09 | M12: 3.4074414e+09 | N12: 3.539348e+09 | O12: 2.9153567e+09 | P12: 3.0492236e+09 | Q12: 2.9939936e+09 | R12: 3.1431265e+09 | S12: 2.4750864e+09 | T12: 2.6207539e+09 | U12: 2.4733309e+09 | V12: 2.6161651e+09 | W12: 2.2831452e+09 | X12: 2.4468155e+09 | Y12: 2.37356e+09 | Z12: 2.5322601e+09 | AA12: =SUM(C12,E12,G12,I12,K12,M12,O12,Q12,S12,U12,W12,Y12) -> 2.8496884e+10 | AB12: =AA12+Z12 -> 3.1029144e+10 | AC12: =AA12/253 -> 1.126359e+08 | AD12: =AB12/253 -> 1.2264484e+08
A13: 12 | B13: Edo | C13: 2.0946704e+09 | D13: 3.1482648e+09 | E13: 1.9970076e+09 | F13: 3.0528482e+09 | G13: 1.8817561e+09 | H13: 2.6401155e+09 | I13: 1.6704147e+09 | J13: 2.3388014e+09 | K13: 1.1626459e+09 | L13: 2.2035845e+09 | M13: 2.9702904e+09 | N13: 4011228991 | O13: 2587720121 | P13: 3.6286587e+09 | Q13: 2.5451178e+09 | R13: 3.6230284e+09 | S13: 1.9772099e+09 | T13: 3.0570576e+09 | U13: 2.1743121e+09 | V13: 3.1830898e+09 | W13: 1.9587368e+09 | X13: 2.9675145e+09 | Y13: 2.1161579e+09 | Z13: 3.1019894e+09 | AA13: =SUM(C13,E13,G13,I13,K13,M13,O13,Q13,S13,U13,W13,Y13) -> 2.513604e+10 | AB13: =AA13+Z13 -> 2.8238029e+10 | AC13: =AA13/253 -> 99351935 | AD13: =AB13/253 -> 1.1161276e+08
A14: 13 | B14: Ekiti | C14: 1.3769763e+09 | D14: 2.3056408e+09 | E14: 1.0844697e+09 | F14: 2.1519669e+09 | G14: 1.1870894e+09 | H14: 1.9200274e+09 | I14: 1.2668141e+09 | J14: 1.8609194e+09 | K14: 9.0360295e+08 | L14: 1.9711001e+09 | M14: 2.4227614e+09 | N14: 3.4902586e+09 | O14: 2.046393e+09 | P14: 3.0650301e+09 | Q14: 2.1680593e+09 | R14: 3.1629677e+09 | S14: 1.6327591e+09 | T14: 2.6276675e+09 | U14: 1.5752296e+09 | V14: 2.6112505e+09 | W14: 1.4506414e+09 | X14: 2.4625031e+09 | Y14: 1.5485763e+09 | Z14: 2.5324748e+09 | AA14: =SUM(C14,E14,G14,I14,K14,M14,O14,Q14,S14,U14,W14,Y14) -> 1.8663372e+10 | AB14: =AA14+Z14 -> 2.1195847e+10 | AC14: =AA14/253 -> 73768271 | AD14: =AB14/253 -> 83778052
A15: 14 | B15: Enugu | C15: 2.3722003e+09 | D15: 2.6091462e+09 | E15: 2.2077952e+09 | F15: 2.4447412e+09 | G15: 2.0917232e+09 | H15: 2.2121734e+09 | I15: 2.0497785e+09 | J15: 2.0802561e+09 | K15: 2.0031379e+09 | L15: 2.2400839e+09 | M15: 3.7229106e+09 | N15: 3.9598566e+09 | O15: 3.2098295e+09 | P15: 3.4487754e+09 | Q15: 3.3495575e+09 | R15: 3.6090642e+09 | S15: 2.691129e+09 | T15: 2.9506357e+09 | U15: 2.4028608e+09 | V15: 2.9565727e+09 | W15: 2.2110144e+09 | X15: 2.7647262e+09 | Y15: 2.4758035e+09 | Z15: 2.8824128e+09 | AA15: =SUM(C15,E15,G15,I15,K15,M15,O15,Q15,S15,U15,W15,Y15) -> 3.078774e+10 | AB15: =AA15+Z15 -> 3.3670153e+10 | AC15: =AA15/253 -> 1.2169067e+08 | AD15: =AB15/253 -> 1.3308361e+08
A16: 15 | B16: Gombe | C16: 1.5952516e+09 | D16: 2.3903636e+09 | E16: 1.4582574e+09 | F16: 2.2533694e+09 | G16: 1.2582555e+09 | H16: 1.9807155e+09 | I16: 1.2925867e+09 | J16: 1.9250741e+09 | K16: 1.2375655e+09 | L16: 2.0326775e+09 | M16: 2.8864573e+09 | N16: 3.6815693e+09 | O16: 2.3859497e+09 | P16: 3.1810817e+09 | Q16: 2.6170593e+09 | R16: 3.3036123e+09 | S16: 2.0321957e+09 | T16: 2.7187387e+09 | U16: 2.0695171e+09 | V16: 2.7560601e+09 | W16: 1.8370677e+09 | X16: 2.5437002e+09 | Y16: 1.9295771e+09 | Z16: 2.630277e+09 | AA16: =SUM(C16,E16,G16,I16,K16,M16,O16,Q16,S16,U16,W16,Y16) -> 2.2599741e+10 | AB16: =AA16+Z16 -> 2.5230018e+10 | AC16: =AA16/253 -> 89327038 | AD16: =AB16/253 -> 99723390
A17: 16 | B17: Imo | C17: 2.2998711e+09 | D17: 2911146156 | E17: 1.630698e+09 | F17: 2.6057314e+09 | G17: 2.3377946e+09 | H17: 2.4005975e+09 | I17: 2.2678049e+09 | J17: 2.3306078e+09 | K17: 1.8728798e+09 | L17: 2.4738377e+09 | M17: 3.7542445e+09 | N17: 4.3552024e+09 | O17: 3.0266094e+09 | P17: 3.809419e+09 | Q17: 2.9780718e+09 | R17: 3.8660343e+09 | S17: 2.3125023e+09 | T17: 3.2018838e+09 | U17: 2.5037092e+09 | V17: 3.3802844e+09 | W17: 2.5278171e+09 | X17: 3.4043923e+09 | Y17: 2.3721471e+09 | Z17: 3.2487223e+09 | AA17: =SUM(C17,E17,G17,I17,K17,M17,O17,Q17,S17,U17,W17,Y17) -> 2.988415e+10 | AB17: =AA17+Z17 -> 3.3132872e+10 | AC17: =AA17/253 -> 1.1811917e+08 | AD17: =AB17/253 -> 1.3095997e+08
... A37: 36 | B37: Zamfara | C37: 1.6227776e+09 | D37: 2.5529657e+09 | E37: 1.4718578e+09 | F37: 2.4020458e+09 | G37: 1.5363072e+09 | H37: 2.1333792e+09 | I37: 1.5298971e+09 | J37: 2.0369964e+09 | K37: 1.2427502e+09 | L37: 2.1729383e+09 | M37: 2.9474691e+09 | N37: 3.8776572e+09 | O37: 2.3789111e+09 | P37: 3.4024983e+09 | Q37: 2.5844179e+09 | R37: 3.5192614e+09 | S37: 2.0027943e+09 | T37: 2.9376378e+09 | U37: 1.9496971e+09 | V37: 2.8845406e+09 | W37: 1.7884766e+09 | X37: 2.7233201e+09 | Y37: 1.8629922e+09 | Z37: 2.7978356e+09 | AA37: =SUM(C37,E37,G37,I37,K37,M37,O37,Q37,S37,U37,W37,Y37) -> 2.2918348e+10 | AB37: =AA37+Z37 -> 2.5716184e+10 | AC37: =AA37/253 -> 90586357 | AD37: =AB37/253 -> 1.01645e+08
A38: 37 | B38: FCT | C38: 3.4037444e+09 | E38: 3.1618877e+09 | G38: 2.8080327e+09 | I38: 2.6798664e+09 | K38: 2.8844091e+09 | M38: 5.2889554e+09 | O38: 4.6077656e+09 | Q38: 4.705974e+09 | S38: 3.9049841e+09 | U38: 3.8652163e+09 | W38: 3.5859578e+09 | Y38: 3.6953384e+09 | AA38: =SUM(C38,E38,G38,I38,K38,M38,O38,Q38,S38,U38,W38,Y38) -> 4.4592132e+10 | AC38: =AA38/253 -> 1.7625349e+08 | AD38: =AB38/253 -> 0
AA39: =SUM(AA2:AA38) -> 1.3499746e+12 | AC39: =AA39/253 -> 5.3358681e+09

Sheet 2017
A1: S/N | B1: State | C1: January (Net) | D1: January (Gross) | E1: February (Net) | F1: February (Gross) | G1: March (Net) | H1: March (Gross) | I1: April (Net) | J1: April (Gross) | K1: May (Net) | L1: May (Gross) | M1: June (Net) | N1: June (Gross) | O1: July (Net) | P1: July (Gross) | Q1: August (Net) | R1: August (Gross) | S1: September (Net) | T1: September (Gross) | U1: October (Net) | V1: October (Gross) | W1: November (Net) | X1: November (Gross) | Y1: December (Net) | Z1: December (Gross) | AA1: Total Net | AB1: Total IGR | AC1: Total Net USD | AD1: Total IGR USD
A2: 1 | B2: Abia | C2: 3.036639e+09 | D2: 3.4071963e+09 | E2: 2.8425955e+09 | F2: 3.2150886e+09 | G2: 2.8652138e+09 | H2: 3.38174e+09 | I2: 2.589011e+09 | J2: 3.1055371e+09 | K2: 2.8260502e+09 | L2: 3.3425764e+09 | M2: 4.1177434e+09 | N2: 4.562253e+09 | O2: 3.0134931e+09 | P2: 3.4940933e+09 | Q2: 4.0383687e+09 | R2: 4.5170332e+09 | S2: 3.523603e+09 | T2: 3.9870314e+09 | U2: 3.4832798e+09 | V2: 3.9467082e+09 | W2: 4.0036888e+09 | X2: 4.4671172e+09 | Y2: 4.3587676e+09 | Z2: 4.822196e+09 | AA2: =SUM(C2,E2,G2,I2,K2,M2,O2,Q2,S2,U2,W2,Y2) -> 4.0698454e+10 | AB2: 1.4917142e+10 | AC2: =AA2/305 -> 1.3343755e+08 | AD2: =AB2/305 -> 48908662
A3: 2 | B3: Adamawa | C3: 2.8298725e+09 | D3: 3.2122506e+09 | E3: 2.5102476e+09 | F3: 2.8926257e+09 | G3: 2.8123955e+09 | H3: 3.1947736e+09 | I3: 2.4985244e+09 | J3: 2.8809025e+09 | K3: 2.8081139e+09 | L3: 3.190492e+09 | M3: 4.1177035e+09 | N3: 4.5000816e+09 | O3: 2.875536e+09 | P3: 3.2416588e+09 | Q3: 4.0209348e+09 | R3: 4.3870576e+09 | S3: 3.4353394e+09 | T3: 3.8014622e+09 | U3: 3.2931014e+09 | V3: 3.6592242e+09 | W3: 3.7798968e+09 | X3: 4.1460196e+09 | Y3: 4.0600442e+09 | Z3: 4.426167e+09 | AA3: =SUM(C3,E3,G3,I3,K3,M3,O3,Q3,S3,U3,W3,Y3) -> 3.904171e+10 | AB3: 6.2013696e+09 | AC3: =AA3/305 -> 1.2800561e+08 | AD3: =AB3/305 -> 20332359
A4: 3 | B4: Akwa Ibom | C4: 1.3084006e+10 | D4: 1.4175214e+10 | E4: 1.2667764e+10 | F4: 1.3758972e+10 | G4: 1.3612313e+10 | H4: 1.4703521e+10 | I4: 1.109213e+10 | J4: 1.2183338e+10 | K4: 9.3130251e+09 | L4: 1.0404233e+10 | M4: 1.196855e+10 | N4: 1.3059758e+10 | O4: 9.9698075e+09 | P4: 1.1058523e+10 | Q4: 1.294792e+10 | R4: 1.4036636e+10 | S4: 1.293387e+10 | T4: 1.4022586e+10 | U4: 1.3168152e+10 | V4: 1.4256868e+10 | W4: 1.3733278e+10 | X4: 1.4821994e+10 | Y4: 1.6558937e+10 | Z4: 1.7647653e+10 | AA4: =SUM(C4,E4,G4,I4,K4,M4,O4,Q4,S4,U4,W4,Y4) -> 1.5104975e+11 | AB4: 1.5956354e+10 | AC4: =AA4/305 -> 4.9524509e+08 | AD4: =AB4/305 -> 52315915
A5: 4 | B5: Anambra | C5: 3.1297265e+09 | D5: 3.2762856e+09 | E5: 2.8290081e+09 | F5: 2.9755672e+09 | G5: 3.0998787e+09 | H5: 3.2464378e+09 | I5: 2.8310631e+09 | J5: 2.9776221e+09 | K5: 3.2355669e+09 | L5: 3.382126e+09 | M5: 4.4492845e+09 | N5: 4.5958435e+09 | O5: 3.1900718e+09 | P5: 3.3334856e+09 | Q5: 4.3337583e+09 | R5: 4.4771722e+09 | S5: 3.7429662e+09 | T5: 3.8863801e+09 | U5: 3.6953635e+09 | V5: 3.8387773e+09 | W5: 4.0633139e+09 | X5: 4.2067278e+09 | Y5: 4.3718194e+09 | Z5: 4.4981842e+09 | AA5: =SUM(C5,E5,G5,I5,K5,M5,O5,Q5,S5,U5,W5,Y5) -> 4.2971821e+10 | AB5: 1.7365386e+10 | AC5: =AA5/305 -> 1.4089122e+08 | AD5: =AB5/305 -> 56935691
A6: 5 | B6: Bauchi | C6: 2.9222762e+09 | D6: 3.8254859e+09 | E6: 2.5440579e+09 | F6: 3.4472677e+09 | G6: 2.8645372e+09 | H6: 3.767747e+09 | I6: 2.5200156e+09 | J6: 3.4232254e+09 | K6: 2.875175e+09 | L6: 3.7783848e+09 | M6: 4.4538002e+09 | N6: 5.3570099e+09 | O6: 2.952271e+09 | P6: 3.833199e+09 | Q6: 4.3490488e+09 | R6: 5.2299767e+09 | S6: 3.7997968e+09 | T6: 4.5211688e+09 | U6: 3.6177337e+09 | V6: 4.3391057e+09 | W6: 4.1862017e+09 | X6: 4.9075737e+09 | Y6: 4.5248855e+09 | Z6: 5.2462575e+09 | AA6: =SUM(C6,E6,G6,I6,K6,M6,O6,Q6,S6,U6,W6,Y6) -> 4.16098e+10 | AB6: 4.3694115e+09 | AC6: =AA6/305 -> 1.3642557e+08 | AD6: =AB6/305 -> 14325939
A7: 6 | B7: Bayelsa | C7: 7.982833e+09 | D7: 9.3858044e+09 | E7: 8.3450247e+09 | F7: 9.8912517e+09 | G7: 8.8737927e+09 | H7: 1.0421916e+10 | I7: 7.3293024e+09 | J7: 8.8774259e+09 | K7: 7.4139461e+09 | L7: 8.9620696e+09 | M7: 8.9773387e+09 | N7: 1.0525462e+10 | O7: 8.228047e+09 | P7: 9.9371852e+09 | Q7: 1.0887663e+10 | R7: 1.2608667e+10 | S7: 1.009405e+10 | T7: 1.1735597e+10 | U7: 9.939723e+09 | V7: 1.158127e+10 | W7: 1.0541675e+10 | X7: 1.2183222e+10 | Y7: 1.2602484e+10 | Z7: 1.4244031e+10 | AA7: =SUM(C7,E7,G7,I7,K7,M7,O7,Q7,S7,U7,W7,Y7) -> 1.1121588e+11 | AB7: 1.2523812e+10 | AC7: =AA7/305 -> 3.6464223e+08 | AD7: =AB7/305 -> 41061680
A8: 7 | B8: Benue | C8: 2.9717139e+09 | D8: 3.5770518e+09 | E8: 2.6491331e+09 | F8: 3.254471e+09 | G8: 2.9551055e+09 | H8: 3.5604434e+09 | I8: 2.6179721e+09 | J8: 3.22331e+09 | K8: 2.9697369e+09 | L8: 3.5750747e+09 | M8: 4.4444216e+09 | N8: 5.0497595e+09 | O8: 3.0419923e+09 | P8: 3.6223134e+09 | Q8: 4.2817016e+09 | R8: 4.8812299e+09 | S8: 3.7149855e+09 | T8: 4.2631761e+09 | U8: 3.5379142e+09 | V8: 4.0861048e+09 | W8: 4.0723331e+09 | X8: 4.6205236e+09 | Y8: 4.392008e+09 | Z8: 4.9401986e+09 | AA8: =SUM(C8,E8,G8,I8,K8,M8,O8,Q8,S8,U8,W8,Y8) -> 4.1649018e+10 | AB8: 1.2399415e+10 | AC8: =AA8/305 -> 1.3655416e+08 | AD8: =AB8/305 -> 40653818
A9: 8 | B9: Borno | C9: 3.5473537e+09 | D9: 3.8903253e+09 | E9: 3.157998e+09 | F9: 3.5009696e+09 | G9: 3.4974526e+09 | H9: 3.8404242e+09 | I9: 3.1115996e+09 | J9: 3.4545713e+09 | K9: 3.511155e+09 | L9: 3.8541267e+09 | M9: 5.144254e+09 | N9: 5.4872257e+09 | O9: 3.5646978e+09 | P9: 3.9051807e+09 | Q9: 4.9504797e+09 | R9: 5.2909626e+09 | S9: 4.2745898e+09 | T9: 4.6150727e+09 | U9: 4.0709823e+09 | V9: 4.4114652e+09 | W9: 4.6700701e+09 | X9: 5.010553e+09 | Y9: 5.0166765e+09 | Z9: 5.3571594e+09 | AA9: =SUM(C9,E9,G9,I9,K9,M9,O9,Q9,S9,U9,W9,Y9) -> 4.8517309e+10 | AB9: 4.983331e+09 | AC9: =AA9/305 -> 1.5907314e+08 | AD9: =AB9/305 -> 16338790
A10: 9 | B10: Cross River | C10: 1.6734587e+09 | D10: 3.2282562e+09 | E10: 1.338234e+09 | F10: 2.8931225e+09 | G10: 1.6393807e+09 | H10: 3.1942237e+09 | I10: 1.3114577e+09 | J10: 2.8663007e+09 | K10: 1.628361e+09 | L10: 3.183204e+09 | M10: 2.9876533e+09 | N10: 4.5117382e+09 | O10: 1.7156577e+09 | P10: 3.2464495e+09 | Q10: 2.8478792e+09 | R10: 4.378671e+09 | S10: 2.2986566e+09 | T10: 3.8294484e+09 | U10: 2.131533e+09 | V10: 3.6623248e+09 | W10: 2.6078497e+09 | X10: 4.1386415e+09 | Y10: 2.8729862e+09 | Z10: 4.403778e+09 | AA10: =SUM(C10,E10,G10,I10,K10,M10,O10,Q10,S10,U10,W10,Y10) -> 2.5053108e+10 | AB10: 1.8104562e+10 | AC10: =AA10/305 -> 82141337 | AD10: =AB10/305 -> 59359220
A11: 10 | B11: Delta | C11: 7.46222e+09 | D11: 9.725687e+09 | E11: 7.9096994e+09 | F11: 1.0328901e+10 | G11: 7.384019e+09 | H11: 9.8032206e+09 | I11: 6.2396157e+09 | J11: 8.6588173e+09 | K11: 6.4898129e+09 | L11: 8.9090145e+09 | M11: 8.2588568e+09 | N11: 1.0678058e+10 | O11: 8.0515343e+09 | P11: 1.0505674e+10 | Q11: 1.42266e+10 | R11: 1.6525005e+10 | S11: 1.2811119e+10 | T11: 1.5109524e+10 | U11: 1.2098182e+10 | V11: 1.4396587e+10 | W11: 1.4099559e+10 | X11: 1.6397964e+10 | Y11: 1.6298138e+10 | Z11: 1.8596543e+10 | AA11: =SUM(C11,E11,G11,I11,K11,M11,O11,Q11,S11,U11,W11,Y11) -> 1.2132936e+11 | AB11: 5.1888005e+10 | AC11: =AA11/305 -> 3.9780116e+08 | AD11: =AB11/305 -> 1.7012461e+08
A12: 11 | B12: Ebonyi | C12: 2.7281957e+09 | D12: 2.8875029e+09 | E12: 2.457858e+09 | F12: 2.6152972e+09 | G12: 2.6948658e+09 | H12: 2.8545697e+09 | I12: 2.423282e+09 | J12: 2.5815423e+09 | K12: 2.7494611e+09 | L12: 2.9105023e+09 | M12: 3.8910672e+09 | N12: 4.067331e+09 | O12: 2.7575938e+09 | P12: 2.9211353e+09 | Q12: 3.7583335e+09 | R12: 3.9313472e+09 | S12: 3.2910271e+09 | T12: 3.4417768e+09 | U12: 2.9810655e+09 | V12: 3.3098184e+09 | W12: 3.3845809e+09 | X12: 3.7199637e+09 | Y12: 3.6343372e+09 | Z12: 3.970278e+09 | AA12: =SUM(C12,E12,G12,I12,K12,M12,O12,Q12,S12,U12,W12,Y12) -> 3.6751668e+10 | AB12: 5.1029024e+09 | AC12: =AA12/305 -> 1.2049727e+08 | AD12: =AB12/305 -> 16730827
A13: 12 | B13: Edo | C13: 2.3446538e+09 | D13: 3.3330854e+09 | E13: 2.0361924e+09 | F13: 3.0355232e+09 | G13: 2.5072094e+09 | H13: 3.5065402e+09 | I13: 2.0465635e+09 | J13: 3.0458943e+09 | K13: 2.3717292e+09 | L13: 3.37106e+09 | M13: 3.6584188e+09 | N13: 4.6577497e+09 | O13: 2.7379821e+09 | P13: 3.7263263e+09 | Q13: 4.5021404e+09 | R13: 5.4795854e+09 | S13: 3.9582906e+09 | T13: 4.9357356e+09 | U13: 3.9711974e+09 | V13: 4.9486424e+09 | W13: 4.5944641e+09 | X13: 5.5719091e+09 | Y13: 5.083147e+09 | Z13: 6.0605921e+09 | AA13: =SUM(C13,E13,G13,I13,K13,M13,O13,Q13,S13,U13,W13,Y13) -> 3.9811989e+10 | AB13: 2.5342829e+10 | AC13: =AA13/305 -> 1.3053111e+08 | AD13: =AB13/305 -> 83091243
... A37: 36 | B37: Zamfara | C37: 2.1801507e+09 | D37: 3.2086684e+09 | E37: 1.8685803e+09 | F37: 2.897098e+09 | G37: 2.137195e+09 | H37: 3.1657126e+09 | I37: 1.8423842e+09 | J37: 2.8709019e+09 | K37: 2.1604613e+09 | L37: 3.188979e+09 | M37: 3.4559626e+09 | N37: 4.4844802e+09 | O37: 2.197631e+09 | P37: 3.2252424e+09 | Q37: 3.0533307e+09 | R37: 4.3432966e+09 | S37: 2.5066656e+09 | T37: 3.7966315e+09 | U37: 2.356277e+09 | V37: 3.6462429e+09 | W37: 2.8311978e+09 | X37: 4.1211637e+09 | Y37: 3.1084926e+09 | Z37: 4.3984585e+09 | AA37: =SUM(C37,E37,G37,I37,K37,M37,O37,Q37,S37,U37,W37,Y37) -> 2.9698329e+10 | AB37: 6.0239949e+09 | AC37: =AA37/305 -> 97371569 | AD37: =AB37/305 -> 19750803
A38: 37 | B38: FCT | C38: 4.2710483e+09 | E38: 3.8604229e+09 | G38: 4.2111376e+09 | I38: 3.6512318e+09 | K38: 4.1133737e+09 | M38: 5.9605477e+09 | O38: 4.1829446e+09 | Q38: 5.7448598e+09 | S38: 4.9848448e+09 | U38: 4.7313756e+09 | W38: 5449486299 | Y38: 5.833037e+09 | AA38: =SUM(C38,E38,G38,I38,K38,M38,O38,Q38,S38,U38,W38,Y38) -> 5.699431e+10 | AC38: =AA38/305 -> 1.8686659e+08 | AD38: =AB38/305 -> 0
AA39: =SUM(AA2:AA38) -> 1.8817079e+12 | AC39: =AA39/305 -> 6.1695339e+09

Sheet 2018
A1: S/N | B1: State | C1: January (Net) | D1: January (Gross) | E1: February (Net) | F1: February (Gross) | G1: March (Net) | H1: March (Gross) | I1: April (Net) | J1: April (Gross) | K1: May (Net) | L1: May (Gross) | M1: June (Net) | N1: June (Gross) | O1: July (Net) | P1: July (Gross) | Q1: August (Net) | R1: August (Gross) | S1: September (Net) | T1: September (Gross) | U1: October (Net) | V1: October (Gross) | W1: November (Net) | X1: November (Gross) | Y1: December (Net) | Z1: December (Gross) | AA1: Total Net | AB1: Total IGR | AC1: Total Net USD | AD1: Total IGR USD
A2: 1 | B2: Abia | C2: 4.3244289e+09 | D2: 4.7946117e+09 | E2: 4.4100413e+09 | F2: 4.8802247e+09 | G2: 4.3047773e+09 | H2: 4.7749607e+09 | I2: 4.5469018e+09 | J2: 5.0170852e+09 | K2: 4.5117946e+09 | L2: 4.981978e+09 | M2: 4.7089121e+09 | N2: 5.1790955e+09 | O2: 4.6022776e+09 | P2: 5.0728466e+09 | Q2: 4.8496364e+09 | R2: 5.3202053e+09 | S2: 4.73012e+09 | T2: 5.200689e+09 | U2: 4.8649213e+09 | V2: 5.3354903e+09 | W2: 5.1137347e+09 | Y2: 4.2975595e+09 | Z2: 4.7681285e+09 | AA2: =SUM(C2,E2,G2,I2,K2,M2,O2,Q2,S2,U2,W2,Y2) -> 5.5265105e+10 | AB2: 1.4834904e+10 | AC2: =AA2/306 -> 1.8060492e+08 | AD2: =AB2/306 -> 48480080
A3: 2 | B3: Adamawa | C3: 3.8561912e+09 | D3: 4.3124125e+09 | E3: 3.9060668e+09 | F3: 4.3622881e+09 | G3: 3.7684394e+09 | H3: 4.2641496e+09 | I3: 4.0859055e+09 | J3: 4.5816157e+09 | K3: 4.0386701e+09 | L3: 4.5343803e+09 | M3: 4.4131659e+09 | N3: 4.9088761e+09 | O3: 4.1329991e+09 | P3: 4.6467702e+09 | Q3: 4.3134731e+09 | R3: 4.8272442e+09 | S3: 4.1401999e+09 | T3: 4.653971e+09 | U3: 4.188272e+09 | V3: 4.8620431e+09 | W3: 4.6067796e+09 | Y3: 3.9042035e+09 | Z3: 4.4179746e+09 | AA3: =SUM(C3,E3,G3,I3,K3,M3,O3,Q3,S3,U3,W3,Y3) -> 4.9354366e+10 | AB3: 6.2048767e+09 | AC3: =AA3/306 -> 1.6128878e+08 | AD3: =AB3/306 -> 20277375
A4: 3 | B4: Akwa Ibom | C4: 1.633957e+10 | D4: 1.7440735e+10 | E4: 1.7981943e+10 | F4: 1.9210307e+10 | G4: 1.7216171e+10 | H4: 1.8444535e+10 | I4: 1.5241957e+10 | J4: 1.6406721e+10 | K4: 1.686256e+10 | L4: 1.8027325e+10 | M4: 1.4013276e+10 | N4: 1.517804e+10 | O4: 1.5646012e+10 | P4: 1.6797826e+10 | Q4: 1.7115551e+10 | R4: 1.8267365e+10 | S4: 1.9437251e+10 | T4: 2.0589065e+10 | U4: 1.8462447e+10 | V4: 1.9614261e+10 | W4: 1.7489398e+10 | Y4: 1.4456958e+10 | Z4: 1.5620022e+10 | AA4: =SUM(C4,E4,G4,I4,K4,M4,O4,Q4,S4,U4,W4,Y4) -> 2.0026309e+11 | AB4: 2.421081e+10 | AC4: =AA4/306 -> 6.5445455e+08 | AD4: =AB4/306 -> 79120294
A5: 4 | B5: Anambra | C5: 4.3398009e+09 | D5: 4.467282e+09 | E5: 4.378983e+09 | F5: 4.5064642e+09 | G5: 4.2573104e+09 | H5: 4.3847915e+09 | I5: 4.5566511e+09 | J5: 4.6841322e+09 | K5: 4.5186293e+09 | L5: 4.6461104e+09 | M5: 4.8581891e+09 | N5: 4.9856702e+09 | O5: 4.6017431e+09 | P5: 4.7385598e+09 | Q5: 4.8206512e+09 | R5: 4.9574679e+09 | S5: 4.603945e+09 | T5: 4.7407617e+09 | U5: 4.8318853e+09 | V5: 4.968702e+09 | W5: 5.1103381e+09 | Y5: 4.4144999e+09 | Z5: 4.5513166e+09 | AA5: =SUM(C5,E5,G5,I5,K5,M5,O5,Q5,S5,U5,W5,Y5) -> 5.5292626e+10 | AB5: 1.9305268e+10 | AC5: =AA5/306 -> 1.8069486e+08 | AD5: =AB5/306 -> 63089110
A6: 5 | B6: Bauchi | C6: 4.2960209e+09 | D6: 5.1142316e+09 | E6: 4.2194652e+09 | F6: 5.165487e+09 | G6: 4.2101852e+09 | H6: 5.0691148e+09 | I6: 4.2687035e+09 | J6: 5.4408762e+09 | K6: 4.0766102e+09 | L6: 5.3819563e+09 | M6: 4.9886738e+09 | N6: 5.8476034e+09 | O6: 4.1906991e+09 | P6: 5.5132001e+09 | Q6: 4.3993181e+09 | R6: 5.7218191e+09 | S6: 4.6601978e+09 | T6: 5.5362824e+09 | U6: 4.8948003e+09 | V6: 5.7708849e+09 | W6: 5.29129e+09 | Y6: 4.4703784e+09 | Z6: 5.2578217e+09 | AA6: =SUM(C6,E6,G6,I6,K6,M6,O6,Q6,S6,U6,W6,Y6) -> 5.3966343e+10 | AB6: 9.6908322e+09 | AC6: =AA6/306 -> 1.763606e+08 | AD6: =AB6/306 -> 31669386
A7: 6 | B7: Bayelsa | C7: 1.2629316e+10 | D7: 1.4272437e+10 | E7: 1.3666642e+10 | F7: 1.5309762e+10 | G7: 1.32197e+10 | H7: 1.486282e+10 | I7: 1.2351885e+10 | J7: 1.3995005e+10 | K7: 1.2665267e+10 | L7: 1.4308387e+10 | M7: 1.1015988e+10 | N7: 1.2659108e+10 | O7: 1.1997706e+10 | P7: 1.3612232e+10 | Q7: 1.2753584e+10 | R7: 1.4368109e+10 | S7: 1.2998259e+10 | T7: 1.4612784e+10 | U7: 1.3585327e+10 | V7: 1.5199853e+10 | W7: 1.3618709e+10 | Y7: 1.0729801e+10 | Z7: 1.2277661e+10 | AA7: =SUM(C7,E7,G7,I7,K7,M7,O7,Q7,S7,U7,W7,Y7) -> 1.5123218e+11 | AB7: 1.3636546e+10 | AC7: =AA7/306 -> 4.9422282e+08 | AD7: =AB7/306 -> 44563875
A8: 7 | B8: Benue | C8: 4.2776795e+09 | D8: 4.8265775e+09 | E8: 4.3148009e+09 | F8: 4.8636989e+09 | G8: 4.2231559e+09 | H8: 4.7720538e+09 | I8: 4.5611359e+09 | J8: 5.1100339e+09 | K8: 4.5374254e+09 | L8: 5.0863233e+09 | M8: 4.9386432e+09 | N8: 5.4875412e+09 | O8: 4.6397037e+09 | P8: 5.1939921e+09 | Q8: 4.8450584e+09 | R8: 5.3993468e+09 | S8: 4.6570874e+09 | T8: 5.2113758e+09 | U8: 4.8846513e+09 | V8: 5.4389397e+09 | W8: 5.1697287e+09 | Y8: 4.4054157e+09 | Z8: 4.9597041e+09 | AA8: =SUM(C8,E8,G8,I8,K8,M8,O8,Q8,S8,U8,W8,Y8) -> 5.5454486e+10 | AB8: 1.1215483e+10 | AC8: =AA8/306 -> 1.8122381e+08 | AD8: =AB8/306 -> 36651904
A9: 8 | B9: Borno | C9: 4.8737895e+09 | D9: 5.213249e+09 | E9: 4.9322587e+09 | F9: 5.2717182e+09 | G9: 4.8409833e+09 | H9: 5.1804427e+09 | I9: 5.2126098e+09 | J9: 5.5520693e+09 | K9: 5.1597346e+09 | L9: 5.4991941e+09 | M9: 5.6311922e+09 | N9: 5.9706516e+09 | O9: 5.3042536e+09 | P9: 5.6451419e+09 | Q9: 5.503847e+09 | R9: 5.8447353e+09 | S9: 5.3326968e+09 | T9: 5.6735851e+09 | U9: 5.5751269e+09 | V9: 5.9160152e+09 | W9: 5.8885341e+09 | Y9: 5.0313963e+09 | Z9: 5.3722845e+09 | AA9: =SUM(C9,E9,G9,I9,K9,M9,O9,Q9,S9,U9,W9,Y9) -> 6.3286423e+10 | AB9: 6.5243009e+09 | AC9: =AA9/306 -> 2.0681837e+08 | AD9: =AB9/306 -> 21321245
A10: 9 | B10: Cross River | C10: 2.7512448e+09 | D10: 4.3127181e+09 | E10: 2.7901595e+09 | F10: 4.3516333e+09 | G10: 2.7285347e+09 | H10: 4.2900086e+09 | I10: 3.0165065e+09 | J10: 4.5779804e+09 | K10: 2.9667728e+09 | L10: 4.5282467e+09 | M10: 3.3645139e+09 | N10: 4.9259878e+09 | O10: 3.1345295e+09 | P10: 4.6474421e+09 | Q10: 3.3116287e+09 | R10: 4.8245413e+09 | S10: 3.1522065e+09 | T10: 4.6651191e+09 | U10: 3.2982702e+09 | V10: 4.8751565e+09 | W10: 3.5673335e+09 | Y10: 2.9086938e+09 | Z10: 4.4216064e+09 | AA10: =SUM(C10,E10,G10,I10,K10,M10,O10,Q10,S10,U10,W10,Y10) -> 3.6990394e+10 | AB10: 1.7552113e+10 | AC10: =AA10/306 -> 1.2088364e+08 | AD10: =AB10/306 -> 57359846
A11: 10 | B11: Delta | C11: 1.5970921e+10 | D11: 1.8272643e+10 | E11: 1.7167312e+10 | F11: 1.946901e+10 | G11: 1.739939e+10 | H11: 1.9701088e+10 | I11: 1.7015899e+10 | J11: 1.9317597e+10 | K11: 1.7333534e+10 | L11: 1.9635231e+10 | M11: 1.5104273e+10 | N11: 1.740597e+10 | O11: 1.6456222e+10 | P11: 1.8728658e+10 | Q11: 1.7843532e+10 | R11: 2.0115969e+10 | S11: 2.0910697e+10 | T11: 2.2084226e+10 | U11: 2.0976071e+10 | V11: 2.21496e+10 | W11: 2.1158204e+10 | Y11: 1.7360641e+10 | Z11: 1.853417e+10 | AA11: =SUM(C11,E11,G11,I11,K11,M11,O11,Q11,S11,U11,W11,Y11) -> 2.146967e+11 | AB11: 5.8439599e+10 | AC11: =AA11/306 -> 7.0162319e+08 | AD11: =AB11/306 -> 1.9097908e+08
A12: 11 | B12: Ebonyi | C12: 3.5312571e+09 | D12: 3.86967e+09 | E12: 3.5754538e+09 | F12: 3.9148499e+09 | G12: 3.5261337e+09 | H12: 3.8613187e+09 | I12: 3.7664487e+09 | J12: 4.1080864e+09 | K12: 3.5723538e+09 | L12: 4.0731815e+09 | M12: 3.9087985e+09 | N12: 4.4109322e+09 | O12: 3.6882228e+09 | P12: 4.1953292e+09 | Q12: 3.8855319e+09 | R12: 4.3932444e+09 | S12: 3.6764725e+09 | T12: 4.1828043e+09 | U12: 3.9746771e+09 | V12: 4.4034808e+09 | W12: 4.2153224e+09 | Y12: 3.6001727e+09 | Z12: 4.0254829e+09 | AA12: =SUM(C12,E12,G12,I12,K12,M12,O12,Q12,S12,U12,W12,Y12) -> 4.4920845e+10 | AB12: 6.1445871e+09 | AC12: =AA12/306 -> 1.4680015e+08 | AD12: =AB12/306 -> 20080350
A13: 12 | B13: Edo | C13: 5.4927621e+09 | D13: 5.9518863e+09 | E13: 5.2967614e+09 | F13: 6.2758855e+09 | G13: 5.7663067e+09 | H13: 6.2254308e+09 | I13: 5.6280747e+09 | J13: 6.0871989e+09 | K13: 5.6157845e+09 | L13: 6.0749086e+09 | M13: 5.9126732e+09 | N13: 6.3717974e+09 | O13: 5.6368991e+09 | P13: 6.1095352e+09 | Q13: 6.1096141e+09 | R13: 6.5822503e+09 | S13: 5.9369324e+09 | T13: 6.4095685e+09 | U13: 6.2848371e+09 | V13: 6.7574732e+09 | W13: 6.4058544e+09 | Y13: 5.3857972e+09 | Z13: 5.8584333e+09 | AA13: =SUM(C13,E13,G13,I13,K13,M13,O13,Q13,S13,U13,W13,Y13) -> 6.9472297e+10 | AB13: 2.8425497e+10 | AC13: =AA13/306 -> 2.2703365e+08 | AD13: =AB13/306 -> 92893781
... A37: 36 | B37: Zamfara | C37: 3.0109737e+09 | D37: 4.3021144e+09 | E37: 3.0535558e+09 | F37: 4.3446966e+09 | G37: 2.9698242e+09 | H37: 4.2609649e+09 | I37: 3.2664486e+09 | J37: 4.5575893e+09 | K37: 3.2340588e+09 | L37: 4.5251995e+09 | M37: 3.6030736e+09 | N37: 4.8942143e+09 | O37: 3.3228827e+09 | P37: 4.6202531e+09 | Q37: 3.7804051e+09 | R37: 4.8154211e+09 | S37: 3.6039743e+09 | T37: 4.6389903e+09 | U37: 3.8132128e+09 | V37: 4.8482287e+09 | W37: 4.064923e+09 | Y37: 3.3829244e+09 | Z37: 4.4179403e+09 | AA37: =SUM(C37,E37,G37,I37,K37,M37,O37,Q37,S37,U37,W37,Y37) -> 4.1106257e+10 | AB37: 8.2066956e+09 | AC37: =AA37/306 -> 1.3433417e+08 | AD37: =AB37/306 -> 26819267
A38: 37 | B38: FCT | C38: 5.6247926e+09 | E38: 5.7181791e+09 | G38: 5.6305087e+09 | I38: 6.0467314e+09 | K38: 5.9621833e+09 | M38: 6.5290636e+09 | O38: 6.1713347e+09 | Q38: 6.2802262e+09 | S38: 6.2015261e+09 | U38: 6.376361e+09 | W38: 6.7959861e+09 | Y38: 5.8204204e+09 | AA38: =SUM(C38,E38,G38,I38,K38,M38,O38,Q38,S38,U38,W38,Y38) -> 7.3157313e+10 | AB38: 6.5519664e+10 | AC38: =AA38/306 -> 2.3907619e+08 | AD38: =AB38/306 -> 2.1411655e+08
AA39: =SUM(AA2:AA38) -> 2.5657221e+12 | AC39: =AA39/306 -> 8.3847129e+09

Sheet 2019
A1: S/N | B1: State | C1: January (Net) | D1: January (Gross) | E1: February (Net) | F1: February (Gross) | G1: March (Net) | H1: March (Gross) | I1: April (Net) | J1: April (Gross) | K1: May (Net) | L1: May (Gross) | M1: June (Net) | N1: June (Gross) | O1: July (Net) | P1: July (Gross) | Q1: August (Net) | R1: August (Gross) | S1: September (Net) | T1: September (Gross) | U1: October (Net) | V1: October (Gross) | W1: November (Net) | X1: November (Gross) | Y1: December (Net) | Z1: December (Gross) | AA1: Total Net | AB1: Total IGR | AC1: Total Net USD | AD1: Total IGR USD
A2: 1 | B2: Abia | C2: 4.4499763e+09 | D2: 4.9205452e+09 | E2: 4.1733125e+09 | F2: 4.6453348e+09 | G2: 4.1490771e+09 | H2: 4.6210995e+09 | I2: 4.0956167e+09 | J2: 4.567639e+09 | K2: 4.4440746e+09 | L2: 4.9160969e+09 | M2: 4.822019e+09 | N2: 5.2679245e+09 | O2: 4.5701962e+09 | P2: 5.1955024e+09 | Q2: 4.3507475e+09 | R2: 5.2082822e+09 | S2: 4.2578407e+09 | T2: 5.0427009e+09 | U2: 4.3809802e+09 | V2: 5.1658403e+09 | W2: 4.0484682e+09 | X2: 4.8333283e+09 | Y2: 4.3325963e+09 | Z2: 5.1174565e+09 | AA2: =SUM(C2,E2,G2,I2,K2,M2,O2,Q2,S2,U2,W2,Y2) -> 5.2074905e+10 | AB2: 1.5499929e+10 | AC2: =AA2/306 -> 1.7017943e+08 | AD2: =AB2/306 -> 50653364
A3: 2 | B3: Adamawa | C3: 4.0271341e+09 | D3: 4.5409053e+09 | E3: 3.7368511e+09 | F3: 4.2371611e+09 | G3: 3.6926833e+09 | H3: 4.1929933e+09 | I3: 3.6996729e+09 | J3: 4.1802384e+09 | K3: 4.2006638e+09 | L3: 4.6614848e+09 | M3: 4.5596885e+09 | N3: 5.0205096e+09 | O3: 4.3119275e+09 | P3: 4.7727485e+09 | Q3: 4.1664704e+09 | R3: 4.8613198e+09 | S3: 4.0605205e+09 | T3: 4.6826953e+09 | U3: 4.1890041e+09 | V3: 4.8111789e+09 | W3: 3.7898823e+09 | X3: 4.4120571e+09 | Y3: 4.1373919e+09 | Z3: 4.7595667e+09 | AA3: =SUM(C3,E3,G3,I3,K3,M3,O3,Q3,S3,U3,W3,Y3) -> 4.857189e+10 | AB3: 9.7046502e+09 | AC3: =AA3/306 -> 1.5873167e+08 | AD3: =AB3/306 -> 31714543
A4: 3 | B4: Akwa Ibom | C4: 1.4513722e+10 | D4: 1.5676786e+10 | E4: 1.5319798e+10 | F4: 1.638692e+10 | G4: 1.4750828e+10 | H4: 1.581795e+10 | I4: 1.4060496e+10 | J4: 1.5127618e+10 | K4: 1.320756e+10 | L4: 1.4274682e+10 | M4: 1.2997646e+10 | N4: 1.4064768e+10 | O4: 1.491283e+10 | P4: 1.5979953e+10 | Q4: 1.4061109e+10 | R4: 1.5388683e+10 | S4: 1.4875462e+10 | T4: 1.6130361e+10 | U4: 1.4046324e+10 | V4: 1.5327301e+10 | W4: 1.4772806e+10 | X4: 1.6053783e+10 | Y4: 1.5112298e+10 | Z4: 1.6393275e+10 | AA4: =SUM(C4,E4,G4,I4,K4,M4,O4,Q4,S4,U4,W4,Y4) -> 1.7263088e+11 | AB4: 35504936358 | AC4: =AA4/306 -> 5.641532e+08 | AD4: =AB4/306 -> 1.160292e+08
A5: 4 | B5: Anambra | C5: 4.5159133e+09 | D5: 4.65273e+09 | E5: 4.2265915e+09 | F5: 4.3714706e+09 | G5: 4.1768336e+09 | H5: 4.3217128e+09 | I5: 4.1456544e+09 | J5: 4.2905335e+09 | K5: 4.6837383e+09 | L5: 4.8286174e+09 | M5: 5.0098863e+09 | N5: 5.1547654e+09 | O5: 4.753529e+09 | P5: 4.8984081e+09 | Q5: 4.6222265e+09 | R5: 4.9862382e+09 | S5: 4.4811445e+09 | T5: 4.7724816e+09 | U5: 4.6227098e+09 | V5: 4.9140468e+09 | W5: 4.2411352e+09 | X5: 4.5324722e+09 | Y5: 4.5991447e+09 | Z5: 4.8904818e+09 | AA5: =SUM(C5,E5,G5,I5,K5,M5,O5,Q5,S5,U5,W5,Y5) -> 5.4078507e+10 | AB5: 2.6369196e+10 | AC5: =AA5/306 -> 1.7672715e+08 | AD5: =AB5/306 -> 86173843
A6: 5 | B6: Bauchi | C6: 4.5920331e+09 | D6: 5.3794764e+09 | E6: 4.1842999e+09 | F6: 5.0259557e+09 | G6: 3.9001469e+09 | H6: 4.9770095e+09 | I6: 3.8936844e+09 | J6: 4.9705471e+09 | K6: 4.4681708e+09 | L6: 5.5450335e+09 | M6: 4.8775365e+09 | N6: 5.9543992e+09 | O6: 4.5951904e+09 | P6: 5.6720531e+09 | Q6: 4.599018e+09 | R6: 5.8920441e+09 | S6: 4.3168985e+09 | T6: 5.5587825e+09 | U6: 4.4671591e+09 | V6: 5.7090432e+09 | W6: 3.9926082e+09 | X6: 5.2344923e+09 | Y6: 4.4029322e+09 | Z6: 5.6448163e+09 | AA6: =SUM(C6,E6,G6,I6,K6,M6,O6,Q6,S6,U6,W6,Y6) -> 5.2289678e+10 | AB6: 1.2293319e+10 | AC6: =AA6/306 -> 1.708813e+08 | AD6: =AB6/306 -> 40174245
A7: 6 | B7: Bayelsa | C7: 1.1614714e+10 | D7: 1.3162574e+10 | E7: 1.1635573e+10 | F7: 1.3182344e+10 | G7: 1.1144225e+10 | H7: 1.2690997e+10 | I7: 1.0392154e+10 | J7: 1.1938926e+10 | K7: 1.0238317e+10 | L7: 1.1785088e+10 | M7: 1.0464117e+10 | N7: 1.1589342e+10 | O7: 1.3401556e+10 | P7: 1.4526781e+10 | Q7: 1.2813309e+10 | R7: 1.4167618e+10 | S7: 1.3066338e+10 | T7: 1.4614639e+10 | U7: 1.2391705e+10 | V7: 1.3940005e+10 | W7: 1.2237554e+10 | X7: 1.3706397e+10 | Y7: 1.2665731e+10 | Z7: 1.4134574e+10 | AA7: =SUM(C7,E7,G7,I7,K7,M7,O7,Q7,S7,U7,W7,Y7) -> 1.4206529e+11 | AB7: 16342762532 | AC7: =AA7/306 -> 4.6426566e+08 | AD7: =AB7/306 -> 53407721
A8: 7 | B8: Benue | C8: 4.5162263e+09 | D8: 5.0705147e+09 | E8: 4.1763223e+09 | F8: 4.7291191e+09 | G8: 4.1437679e+09 | H8: 4.6965648e+09 | I8: 4.1282489e+09 | J8: 4.6810458e+09 | K8: 4.6726136e+09 | L8: 5.2254105e+09 | M8: 5.0687724e+09 | N8: 5.6215692e+09 | O8: 4.8677708e+09 | P8: 5.3625073e+09 | Q8: 4.7356935e+09 | R8: 5.4561232e+09 | S8: 4.5935308e+09 | T8: 5.2412859e+09 | U8: 4.7440966e+09 | V8: 5.3918517e+09 | W8: 4.2878379e+09 | X8: 4.935593e+09 | Y8: 4.6866896e+09 | Z8: 5.3344447e+09 | AA8: =SUM(C8,E8,G8,I8,K8,M8,O8,Q8,S8,U8,W8,Y8) -> 5.4621571e+10 | AB8: 1.7179638e+10 | AC8: =AA8/306 -> 1.7850186e+08 | AD8: =AB8/306 -> 56142608
A9: 8 | B9: Borno | C9: 5.1375732e+09 | D9: 5.4784615e+09 | E9: 4.7791338e+09 | F9: 5.1207069e+09 | G9: 4.7448971e+09 | H9: 5.0864702e+09 | I9: 4.7134949e+09 | J9: 5.055068e+09 | K9: 5.3072516e+09 | L9: 5.6488247e+09 | M9: 5.7437815e+09 | N9: 6.0853546e+09 | O9: 5.4692379e+09 | P9: 5.810811e+09 | Q9: 5.3814797e+09 | R9: 5.9467753e+09 | S9: 5.2020818e+09 | T9: 5.6947028e+09 | U9: 5.3396296e+09 | V9: 5.8322506e+09 | W9: 4.8635335e+09 | X9: 5.3561545e+09 | Y9: 5.2890044e+09 | Z9: 5.7816254e+09 | AA9: =SUM(C9,E9,G9,I9,K9,M9,O9,Q9,S9,U9,W9,Y9) -> 6.1971099e+10 | AB9: 8175248326 | AC9: =AA9/306 -> 2.0251993e+08 | AD9: =AB9/306 -> 26716498
A10: 9 | B10: Cross River | C10: 2.9443018e+09 | D10: 4.5211881e+09 | E10: 2.7175213e+09 | F10: 4.2383757e+09 | G10: 2.7348893e+09 | H10: 4.1872166e+09 | I10: 2.7216526e+09 | J10: 4.1739799e+09 | K10: 3.2097013e+09 | L10: 4.6620286e+09 | M10: 3.5600072e+09 | N10: 5.0123345e+09 | O10: 3.3304312e+09 | P10: 4.7827585e+09 | Q10: 3.1531262e+09 | R10: 4.8766435e+09 | S10: 3.0356516e+09 | T10: 4.6864944e+09 | U10: 3.2214827e+09 | V10: 4.8723255e+09 | W10: 2.7754202e+09 | X10: 4.426263e+09 | Y10: 3.0962107e+09 | Z10: 4.7470535e+09 | AA10: =SUM(C10,E10,G10,I10,K10,M10,O10,Q10,S10,U10,W10,Y10) -> 3.6500396e+10 | AB10: 2.2597064e+10 | AC10: =AA10/306 -> 1.1928234e+08 | AD10: =AB10/306 -> 73846614
A11: 10 | B11: Delta | C11: 1.8672329e+10 | D11: 1.9845858e+10 | E11: 1.9152148e+10 | F11: 2.0323309e+10 | G11: 1.931517e+10 | H11: 2.0486331e+10 | I11: 1.8271814e+10 | J11: 1.9442976e+10 | K11: 1.592532e+10 | L11: 1.7184901e+10 | M11: 1.6717018e+10 | N11: 1.79766e+10 | O11: 1.9847722e+10 | P11: 2.1107304e+10 | Q11: 1.8319598e+10 | R11: 1.980549e+10 | S11: 1.874264e+10 | T11: 2.0155858e+10 | U11: 1.8143769e+10 | V11: 1.9556987e+10 | W11: 1.8814725e+10 | X11: 2.0227942e+10 | Y11: 1.809097e+10 | Z11: 1.9504187e+10 | AA11: =SUM(C11,E11,G11,I11,K11,M11,O11,Q11,S11,U11,W11,Y11) -> 2.2001322e+11 | AB11: 6.4678797e+10 | AC11: =AA11/306 -> 7.1899746e+08 | AD11: =AB11/306 -> 2.1136862e+08
A12: 11 | B12: Ebonyi | C12: 3.6529605e+09 | D12: 4.075588e+09 | E12: 3.3952344e+09 | F12: 3.8158344e+09 | G12: 3.3839841e+09 | H12: 3.8030706e+09 | I12: 3.5123372e+09 | J12: 3.7563716e+09 | K12: 3.8330144e+09 | L12: 4.2050195e+09 | M12: 4.1987847e+09 | N12: 4.5115141e+09 | O12: 4.0065736e+09 | P12: 4.3184011e+09 | Q12: 3.8537778e+09 | R12: 4.3952209e+09 | S12: 3.7456268e+09 | T12: 4.2134704e+09 | U12: 3.8995146e+09 | V12: 4.3668961e+09 | W12: 3.545178e+09 | X12: 4.0070693e+09 | Y12: 3.8605375e+09 | Z12: 4.3273492e+09 | AA12: =SUM(C12,E12,G12,I12,K12,M12,O12,Q12,S12,U12,W12,Y12) -> 4.4887524e+10 | AB12: 9.8235239e+09 | AC12: =AA12/306 -> 1.4669125e+08 | AD12: =AB12/306 -> 32103019
A13: 12 | B13: Edo | C13: 5.5336305e+09 | D13: 6.1306919e+09 | E13: 5.3145706e+09 | F13: 5.9199885e+09 | G13: 5.1920023e+09 | H13: 5.7974202e+09 | I13: 5.1020011e+09 | J13: 5.707419e+09 | K13: 5.3369166e+09 | L13: 5.9423345e+09 | M13: 5.4791979e+09 | N13: 6.0846158e+09 | O13: 5.6381606e+09 | P13: 6.2435786e+09 | Q13: 5.6003076e+09 | R13: 6.4196755e+09 | S13: 5.4638563e+09 | T13: 6.2105496e+09 | U13: 5.5340682e+09 | V13: 6.2807615e+09 | W13: 5.0991813e+09 | X13: 5.8458746e+09 | Y13: 5.4555105e+09 | Z13: 6.2022038e+09 | AA13: =SUM(C13,E13,G13,I13,K13,M13,O13,Q13,S13,U13,W13,Y13) -> 6.4749403e+10 | AB13: 3.5227995e+10 | AC13: =AA13/306 -> 2.1159936e+08 | AD13: =AB13/306 -> 1.1512417e+08
... A37: 36 | B37: Zamfara | C37: 3.5018882e+09 | D37: 4.5369042e+09 | E37: 3.1808339e+09 | F37: 4.2144755e+09 | G37: 3.147828e+09 | H37: 4.1814696e+09 | I37: 3.1398455e+09 | J37: 4.1734871e+09 | K37: 3.6186478e+09 | L37: 4.6522894e+09 | M37: 3.9710534e+09 | N37: 5.004695e+09 | O37: 3.7275891e+09 | P37: 4.7612306e+09 | Q37: 3.5956625e+09 | R37: 4.8566453e+09 | S37: 3.4790306e+09 | T37: 4.6673389e+09 | U37: 3.7064873e+09 | V37: 4.7993964e+09 | W37: 3.3105081e+09 | X37: 4.4034172e+09 | Y37: 3.6484962e+09 | Z37: 4.7414053e+09 | AA37: =SUM(C37,E37,G37,I37,K37,M37,O37,Q37,S37,U37,W37,Y37) -> 4.2027871e+10 | AB37: 1.5416043e+10 | AC37: =AA37/306 -> 1.3734598e+08 | AD37: =AB37/306 -> 50379227
A38: 37 | B38: FCT | C38: 5.9048742e+09 | E38: 5.5183175e+09 | G38: 5.4908963e+09 | I38: 5.447537e+09 | K38: 6.0926842e+09 | M38: 6.5847669e+09 | O38: 6.3025245e+09 | Q38: 6.4707435e+09 | S38: 6.1777177e+09 | U38: 6.2971299e+09 | W38: 5.7976569e+09 | Y38: 6.1922203e+09 | AA38: =SUM(C38,E38,G38,I38,K38,M38,O38,Q38,S38,U38,W38,Y38) -> 7.2277069e+10 | AB38: 7.4564181e+10 | AC38: =AA38/306 -> 2.3619957e+08 | AD38: =AB38/306 -> 2.4367379e+08
AA39: =SUM(AA2:AA38) -> 2.4849086e+12 | AC39: =AA39/306 -> 8.1206163e+09

Sheet 2020
A1: S/N | B1: State | C1: January (Net) | D1: January (Gross) | E1: February (Net) | F1: February (Gross) | G1: March (Net) | H1: March (Gross) | I1: April (Net) | J1: April (Gross) | K1: May (Net) | L1: May (Gross) | M1: June (Net) | N1: June (Gross) | O1: July (Net) | P1: July (Gross) | Q1: August (Net) | R1: August (Gross) | S1: September (Net) | T1: September (Gross) | U1: October (Net) | V1: October (Gross) | W1: November (Net) | X1: November (Gross) | Y1: December (Net) | Z1: December (Gross) | AA1: Total Net | AB1: Total IGR | AC1: Total Net USD | AD1: Total IGR USD
A2: 1 | B2: Abia | C2: 3.9256216e+09 | D2: 4.7104817e+09 | E2: 3.5485185e+09 | F2: 4.31761e+09 | G2: 4.1761169e+09 | H2: 4.9452085e+09 | I2: 3.6291553e+09 | J2: 4.3982468e+09 | K2: 3.6286113e+09 | L2: 4.0283017e+09 | M2: 4.2131144e+09 | N2: 4.6367151e+09 | O2: 4.5681571e+09 | P2: 4.9917578e+09 | Q2: 4.4762208e+09 | R2: 4.9498611e+09 | S2: 4.2814845e+09 | T2: 4.7551249e+09 | U2: 3.7970525e+09 | V2: 4.2706928e+09 | W2: 3.7924149e+09 | X2: 4.2660552e+09 | Y2: 3.9251801e+09 | Z2: 4.3995972e+09 | AA2: =SUM(C2,E2,G2,I2,K2,M2,O2,Q2,S2,U2,W2,Y2) -> 4.7961648e+10 | AB2: 1.5921226e+10 | AC2: ='2020'!AA2/356 -> 1.3472373e+08 | AD2: =AB2/356 -> 44722545
A3: 2 | B3: Adamawa | C3: 3.8789306e+09 | D3: 4.4097359e+09 | E3: 3.3837312e+09 | F3: 3.9493758e+09 | G3: 3.9126619e+09 | H3: 4.4783064e+09 | I3: 3.5831789e+09 | J3: 4.1488234e+09 | K3: 3.5300165e+09 | L3: 3.7669422e+09 | M3: 4.3626777e+09 | N3: 4.5996034e+09 | O3: 4.4938749e+09 | P3: 4.7308006e+09 | Q3: 4.6271139e+09 | R3: 4.8671322e+09 | S3: 4.3211502e+09 | T3: 4.5611685e+09 | U3: 3.8510062e+09 | V3: 4.0910245e+09 | W3: 3.862155e+09 | X3: 4.1131715e+09 | Y3: 4.0704695e+09 | Z3: 4.3222628e+09 | AA3: =SUM(C3,E3,G3,I3,K3,M3,O3,Q3,S3,U3,W3,Y3) -> 4.7876966e+10 | AB3: 8.3298707e+09 | AC3: ='2020'!AA3/356 -> 1.3448586e+08 | AD3: =AB3/356 -> 23398513
A4: 3 | B4: Akwa Ibom | C4: 1.2966616e+10 | D4: 1.4247593e+10 | E4: 1.2530035e+10 | F4: 1.3808e+10 | G4: 1.5958621e+10 | H4: 1.7236586e+10 | I4: 1.1222671e+10 | J4: 1.2500636e+10 | K4: 1.1365257e+10 | L4: 1.2363979e+10 | M4: 9.8822212e+09 | N4: 1.0880943e+10 | O4: 1.3273121e+10 | P4: 1.4271843e+10 | Q4: 1.0334321e+10 | R4: 1.1348796e+10 | S4: 1.2316725e+10 | T4: 1.3331201e+10 | U4: 1.0824122e+10 | V4: 1.1838597e+10 | W4: 1.0479862e+10 | X4: 1.1494337e+10 | Y4: 1.0324664e+10 | Z4: 1.1276316e+10 | AA4: =SUM(C4,E4,G4,I4,K4,M4,O4,Q4,S4,U4,W4,Y4) -> 1.4147824e+11 | AB4: 3.069677e+10 | AC4: ='2020'!AA4/356 -> 3.9741078e+08 | AD4: =AB4/356 -> 86226883
A5: 4 | B5: Anambra | C5: 4.2041031e+09 | D5: 4.4954402e+09 | E5: 3.5315289e+09 | F5: 4.0463053e+09 | G5: 4.0867329e+09 | H5: 4.6015092e+09 | I5: 3.8472973e+09 | J5: 4.2550056e+09 | K5: 3.7070043e+09 | L5: 3.8721728e+09 | M5: 4.5235478e+09 | N5: 4.6887162e+09 | O5: 4.7339875e+09 | P5: 4.8991559e+09 | Q5: 4.8874422e+09 | R5: 5.0682647e+09 | S5: 4.5978573e+09 | T5: 4.7786798e+09 | U5: 4.0630079e+09 | V5: 4.2438304e+09 | W5: 4.1349114e+09 | X5: 4.3157339e+09 | Y5: 4.4331061e+09 | Z5: 4.6147054e+09 | AA5: =SUM(C5,E5,G5,I5,K5,M5,O5,Q5,S5,U5,W5,Y5) -> 5.0750527e+10 | AB5: 2.8009907e+10 | AC5: ='2020'!AA5/356 -> 1.4255766e+08 | AD5: =AB5/356 -> 78679513
A6: 5 | B6: Bauchi | C6: 3.9778853e+09 | D6: 5.2197693e+09 | E6: 3.4195408e+09 | F6: 4.6902807e+09 | G6: 4.056767e+09 | H6: 5.3275069e+09 | I6: 3.6971664e+09 | J6: 4.9679063e+09 | K6: 3.5180989e+09 | L6: 4.4688407e+09 | M6: 4.4881782e+09 | N6: 5.4389201e+09 | O6: 4.6332976e+09 | P6: 5.5840394e+09 | Q6: 4.7416214e+09 | R6: 5.7276165e+09 | S6: 4.4081129e+09 | T6: 5.394108e+09 | U6: 3.8726682e+09 | V6: 4.8371307e+09 | W6: 3.928081e+09 | X6: 4.8925435e+09 | Y6: 4.1152752e+09 | Z6: 5.0805145e+09 | AA6: =SUM(C6,E6,G6,I6,K6,M6,O6,Q6,S6,U6,W6,Y6) -> 4.8856693e+10 | AB6: 1.3039295e+10 | AC6: ='2020'!AA6/356 -> 1.372379e+08 | AD6: =AB6/356 -> 36627233
A7: 6 | B7: Bayelsa | C7: 1.178412e+10 | D7: 1.3391565e+10 | E7: 1.0689034e+10 | F7: 1.216292e+10 | G7: 1.2789802e+10 | H7: 1.4263688e+10 | I7: 9.3838009e+09 | J7: 1.0624354e+10 | K7: 8.9308305e+09 | L7: 9.9712606e+09 | M7: 8.849595e+09 | N7: 9.8566917e+09 | O7: 1.1186365e+10 | P7: 1.2193462e+10 | Q7: 8.3333615e+09 | R7: 1.0285863e+10 | S7: 8.2110044e+09 | T7: 1.0163506e+10 | U7: 6.7575414e+09 | V7: 8.7100428e+09 | W7: 6.8202788e+09 | X7: 8.7727802e+09 | Y7: 7.5103922e+09 | Z7: 9.4636704e+09 | AA7: =SUM(C7,E7,G7,I7,K7,M7,O7,Q7,S7,U7,W7,Y7) -> 1.1124613e+11 | AB7: 12180775143 | AC7: ='2020'!AA7/356 -> 3.1248912e+08 | AD7: =AB7/356 -> 34215661
A8: 7 | B8: Benue | C8: 3.2713373e+09 | D8: 4.9257683e+09 | E8: 3.2495207e+09 | F8: 4.4044245e+09 | G8: 3.8484044e+09 | H8: 5.0033082e+09 | I8: 3.5171866e+09 | J8: 4.6720904e+09 | K8: 3.4155672e+09 | L8: 4.2154385e+09 | M8: 4.3046548e+09 | N8: 5.1045261e+09 | O8: 4.4508696e+09 | P8: 5.2507409e+09 | Q8: 4.6390774e+09 | R8: 5.4435772e+09 | S8: 4.2652232e+09 | T8: 5.069723e+09 | U8: 3.7646862e+09 | V8: 4.569186e+09 | W8: 3.8001426e+09 | X8: 4.6046423e+09 | Y8: 3.9694377e+09 | Z8: 4.7747143e+09 | AA8: =SUM(C8,E8,G8,I8,K8,M8,O8,Q8,S8,U8,W8,Y8) -> 4.6496108e+10 | AB8: 1.0463674e+10 | AC8: ='2020'!AA8/356 -> 1.3060704e+08 | AD8: =AB8/356 -> 29392343
A9: 8 | B9: Borno | C9: 4.8399388e+09 | D9: 5.3325598e+09 | E9: 4.2536689e+09 | F9: 4.782075e+09 | G9: 4.9031417e+09 | H9: 5.4315478e+09 | I9: 4.5258675e+09 | J9: 5.0542736e+09 | K9: 4.4922686e+09 | L9: 4.5450364e+09 | M9: 5.4056906e+09 | N9: 5.5208819e+09 | O9: 5.5961356e+09 | P9: 5.6697113e+09 | Q9: 5.737817e+09 | R9: 5.8171124e+09 | S9: 5.3789863e+09 | T9: 5.4582817e+09 | U9: 4.8486014e+09 | V9: 4.9278969e+09 | W9: 4.8121593e+09 | X9: 4.8989548e+09 | Y9: 5.1124885e+09 | Z9: 5.2000608e+09 | AA9: =SUM(C9,E9,G9,I9,K9,M9,O9,Q9,S9,U9,W9,Y9) -> 5.9906764e+10 | AB9: 1.1811333e+10 | AC9: ='2020'!AA9/356 -> 1.6827743e+08 | AD9: =AB9/356 -> 33177903
A10: 9 | B10: Cross River | C10: 2.7402162e+09 | D10: 4.391059e+09 | E10: 2.1781634e+09 | F10: 3.9368545e+09 | G10: 2.7075107e+09 | H10: 4.4662018e+09 | I10: 2.4462353e+09 | J10: 4.2049264e+09 | K10: 2.2594011e+09 | L10: 3.7434176e+09 | M10: 3.0723294e+09 | N10: 4.5563459e+09 | O10: 3.1914901e+09 | P10: 4.6755066e+09 | Q10: 3.2375971e+09 | R10: 4.810932e+09 | S10: 2.9421305e+09 | T10: 4.5154654e+09 | U10: 2.4982532e+09 | V10: 4.071588e+09 | W10: 2.5232867e+09 | X10: 4.0966215e+09 | Y10: 2.7411145e+09 | Z10: 4.3152261e+09 | AA10: =SUM(C10,E10,G10,I10,K10,M10,O10,Q10,S10,U10,W10,Y10) -> 3.2537728e+10 | AB10: 1.6355595e+10 | AC10: ='2020'!AA10/356 -> 91398113 | AD10: =AB10/356 -> 45942684
A11: 10 | B11: Delta | C11: 1.6905898e+10 | D11: 1.8319116e+10 | E11: 1.7028968e+10 | F11: 1.844664e+10 | G11: 2.0116075e+10 | H11: 2.1533747e+10 | I11: 1.4376105e+10 | J11: 1.5793777e+10 | K11: 1.4296086e+10 | L11: 1.5336114e+10 | M11: 1.2261889e+10 | N11: 1.3301917e+10 | O11: 1.6945898e+10 | P11: 1.7985927e+10 | Q11: 1.3871095e+10 | R11: 1.4825087e+10 | S11: 1.5421778e+10 | T11: 1.637577e+10 | U11: 1.4032263e+10 | V11: 1.4986255e+10 | W11: 1.3481289e+10 | X11: 1.454653e+10 | Y11: 1.3450747e+10 | Z11: 1.4516765e+10 | AA11: =SUM(C11,E11,G11,I11,K11,M11,O11,Q11,S11,U11,W11,Y11) -> 1.8218809e+11 | AB11: 5.9732883e+10 | AC11: ='2020'!AA11/356 -> 5.117643e+08 | AD11: =AB11/356 -> 1.67789e+08
A12: 11 | B12: Ebonyi | C12: 3.5348881e+09 | D12: 3.9983486e+09 | E12: 3.0970974e+09 | F12: 3.5578949e+09 | G12: 3.674938e+09 | H12: 4.1360775e+09 | I12: 3.3785823e+09 | J12: 3.8339849e+09 | K12: 3.2446201e+09 | L12: 3.4542913e+09 | M12: 3.955324e+09 | N12: 4.1661517e+09 | O12: 4.0956075e+09 | P12: 4.3128305e+09 | Q12: 4.176985e+09 | R12: 4.4165051e+09 | S12: 3.9272767e+09 | T12: 4.1559292e+09 | U12: 3.4912446e+09 | V12: 3.7210516e+09 | W12: 3.5264595e+09 | X12: 3.7585813e+09 | Y12: 3.7789101e+09 | Z12: 4.0117284e+09 | AA12: =SUM(C12,E12,G12,I12,K12,M12,O12,Q12,S12,U12,W12,Y12) -> 4.3881933e+10 | AB12: 1.5896854e+10 | AC12: ='2020'!AA12/356 -> 1.2326386e+08 | AD12: =AB12/356 -> 44654083
A13: 12 | B13: Edo | C13: 5.0630668e+09 | D13: 5.8097601e+09 | E13: 4.3959129e+09 | F13: 5.2508353e+09 | G13: 5.118224e+09 | H13: 5.8971164e+09 | I13: 4.2797695e+09 | J13: 5.0586619e+09 | K13: 4.2929649e+09 | L13: 4.6858821e+09 | M13: 4.9083613e+09 | N13: 5.3012785e+09 | O13: 5.5888973e+09 | P13: 5.9818145e+09 | Q13: 5.2281111e+09 | R13: 5.6449604e+09 | S13: 4.9910534e+09 | T13: 5.4079026e+09 | U13: 4.4662026e+09 | V13: 4.8830518e+09 | W13: 4.6175083e+09 | X13: 5.0343575e+09 | Y13: 4.9494153e+09 | Z13: 5.3670414e+09 | AA13: =SUM(C13,E13,G13,I13,K13,M13,O13,Q13,S13,U13,W13,Y13) -> 5.7899487e+10 | AB13: 2.8017309e+10 | AC13: ='2020'!AA13/356 -> 1.6263901e+08 | AD13: =AB13/356 -> 78700307
... A37: 36 | B37: Zamfara | C37: 3.2964076e+09 | D37: 4.3893167e+09 | E37: 2.8400307e+09 | F37: 3.937036e+09 | G37: 3.3818433e+09 | H37: 4.4788485e+09 | I37: 3.0835091e+09 | J37: 4.1805144e+09 | K37: 2.9812386e+09 | L37: 3.7455429e+09 | M37: 3.8111634e+09 | N37: 4.5754678e+09 | O37: 3.9176241e+09 | P37: 4.6819284e+09 | Q37: 4.0624763e+09 | R37: 4.8346709e+09 | S37: 3.7503782e+09 | T37: 4.5225728e+09 | U37: 3.3217517e+09 | V37: 4.0939463e+09 | W37: 3.3515839e+09 | X37: 4.1237784e+09 | Y37: 3.5108734e+09 | Z37: 4.2838447e+09 | AA37: =SUM(C37,E37,G37,I37,K37,M37,O37,Q37,S37,U37,W37,Y37) -> 4.130888e+10 | AB37: 1.8499252e+10 | AC37: ='2020'!AA37/356 -> 1.1603618e+08 | AD37: =AB37/356 -> 51964191
A38: 37 | B38: FCT | C38: 5.7354898e+09 | E38: 5.1018556e+09 | G38: 5.7751901e+09 | I38: 5.4280467e+09 | K38: 4.8208197e+09 | M38: 5.866315e+09 | O38: 6.0255113e+09 | Q38: 6.1232132e+09 | S38: 5.7418298e+09 | U38: 5.1751126e+09 | W38: 5.079029e+09 | Y38: 5.2271278e+09 | AA38: =SUM(C38,E38,G38,I38,K38,M38,O38,Q38,S38,U38,W38,Y38) -> 6.609954e+10 | AB38: 9.2059701e+10 | AC38: ='2020'!AA38/356 -> 1.8567287e+08 | AD38: =AB38/356 -> 2.5859467e+08
AA39: =SUM(AA2:AA38) -> 2.2677231e+12

Sheet 2021
A1: S/N | B1: State | C1: January (Net) | D1: January (Gross) | E1: February (Net) | F1: February (Gross) | G1: March (Net) | H1: March (Gross) | I1: April (Net) | J1: April (Gross) | K1: May (Net) | L1: May (Gross) | M1: June (Net) | N1: June (Gross) | O1: July (Net) | P1: July (Gross) | Q1: August (Net) | R1: August (Gross) | S1: September (Net) | T1: September (Gross) | U1: October (Net) | V1: October (Gross) | W1: November (Net) | X1: November (Gross) | Y1: December (Net) | Z1: December (Gross) | AA1: Total Net | AB1: Total IGR | AC1: Total Net USD | AD1: Total IGR USD
A2: 1 | B2: Abia | C2: 4.0105197e+09 | D2: 4.4691492e+09 | E2: 3.911528e+09 | F2: 4.3701575e+09 | G2: 4.2643465e+09 | H2: 4.7229759e+09 | I2: 4.334833e+09 | J2: 4.7934625e+09 | K2: 4.3226254e+09 | L2: 4.7812549e+09 | M2: 4.5685807e+09 | N2: 5.3995533e+09 | O2: 4.8076357e+09 | P2: 5.6383915e+09 | Q2: 4.4214859e+09 | R2: 5.284192e+09 | S2: 4.7417675e+09 | T2: 5.6523162e+09 | U2: 4.2232692e+09 | V2: 5.1206179e+09 | W2: 4.4070426e+09 | X2: 5.2998307e+09 | Y2: 4.6670125e+09 | Z2: 5.4899276e+09 | AA2: =SUM(C2,E2,G2,I2,K2,M2,O2,Q2,S2,U2,W2,Y2) -> 5.2680647e+10 | AB2: 1.9578332e+10 | AC2: =AA2/399 -> 1.320317e+08 | AD2: =AA2/399 -> 1.320317e+08
A3: 2 | B3: Adamawa | C3: 4.116696e+09 | D3: 4.364854e+09 | E3: 3.7233769e+09 | F3: 3.9715349e+09 | G3: 4.336882e+09 | H3: 4.58504e+09 | I3: 4.4792407e+09 | J3: 4.7273988e+09 | K3: 4.4428876e+09 | L3: 4.6910457e+09 | M3: 4.7269933e+09 | N3: 5.3068506e+09 | O3: 4.9471696e+09 | P3: 5.5267962e+09 | Q3: 4.7744004e+09 | R3: 5.3837842e+09 | S3: 4.7821693e+09 | T3: 5.3919767e+09 | U3: 4.5379155e+09 | V3: 5.1372871e+09 | W3: 4.4587956e+09 | X3: 5.0958189e+09 | Y3: 4.8062652e+09 | Z3: 5.4425117e+09 | AA3: =SUM(C3,E3,G3,I3,K3,M3,O3,Q3,S3,U3,W3,Y3) -> 5.4132792e+10 | AB3: 1.3011611e+10 | AC3: =AA3/399 -> 1.3567116e+08 | AD3: =AA3/399 -> 1.3567116e+08
A4: 3 | B4: Akwa Ibom | C4: 1.0666405e+10 | D4: 1.1600126e+10 | E4: 9.4561093e+09 | F4: 1.038983e+10 | G4: 1.1272612e+10 | H4: 1.2206333e+10 | I4: 1.1176099e+10 | J4: 1.210982e+10 | K4: 9.5553221e+09 | L4: 1.0489043e+10 | M4: 1.3430973e+10 | N4: 1.4646923e+10 | O4: 1.4875268e+10 | P4: 1.6149319e+10 | Q4: 1.086462e+10 | R4: 1.2183571e+10 | S4: 1.5608291e+10 | T4: 1.6954925e+10 | U4: 8.9532397e+09 | V4: 1.0321865e+10 | W4: 1.4083568e+10 | X4: 1.5447296e+10 | Y4: 1.1669298e+10 | Z4: 1.3035705e+10 | AA4: =SUM(C4,E4,G4,I4,K4,M4,O4,Q4,S4,U4,W4,Y4) -> 1.4161181e+11 | AB4: 3.1396512e+10 | AC4: =AA4/399 -> 3.5491681e+08 | AD4: =AA4/399 -> 3.5491681e+08
A5: 4 | B5: Anambra | C5: 4.300928e+09 | D5: 4.4579792e+09 | E5: 4.0698815e+09 | F5: 4.2269327e+09 | G5: 4.5363849e+09 | H5: 4.6934361e+09 | I5: 4.8024167e+09 | J5: 4.9594679e+09 | K5: 4.7927391e+09 | L5: 4.9497903e+09 | M5: 5.1221057e+09 | N5: 5.5246759e+09 | O5: 5.3059845e+09 | P5: 5.7083245e+09 | Q5: 5.0649459e+09 | R5: 5.5844837e+09 | S5: 5.1913049e+09 | T5: 5.7112851e+09 | U5: 4.8775705e+09 | V5: 5.3871148e+09 | W5: 4.8453678e+09 | X5: 5.3549122e+09 | Y5: 5.2749611e+09 | Z5: 5.7152016e+09 | AA5: =SUM(C5,E5,G5,I5,K5,M5,O5,Q5,S5,U5,W5,Y5) -> 5.8184591e+10 | AB5: 3.0916675e+10 | AC5: =AA5/399 -> 1.4582604e+08 | AD5: =AA5/399 -> 1.4582604e+08
A6: 5 | B6: Bauchi | C6: 4.1673946e+09 | D6: 5.082534e+09 | E6: 3.7976799e+09 | F6: 4.7128192e+09 | G6: 4.6616999e+09 | H6: 5.3223602e+09 | I6: 4.8853364e+09 | J6: 5.5675293e+09 | K6: 4.8703527e+09 | L6: 5.6529241e+09 | M6: 5.2626121e+09 | N6: 6.3682904e+09 | O6: 5.5563459e+09 | P6: 6.7918007e+09 | Q6: 4.9796615e+09 | R6: 6.3122446e+09 | S6: 5.0583554e+09 | T6: 6.3678195e+09 | U6: 4.8032573e+09 | V6: 6.1022855e+09 | W6: 5.0739666e+09 | X6: 6.1006217e+09 | Y6: 5.0512743e+09 | Z6: 6.3124486e+09 | AA6: =SUM(C6,E6,G6,I6,K6,M6,O6,Q6,S6,U6,W6,Y6) -> 5.8167937e+10 | AB6: 1.7902448e+10 | AC6: =AA6/399 -> 1.457843e+08 | AD6: =AA6/399 -> 1.457843e+08
A7: 6 | B7: Bayelsa | C7: 6.7885335e+09 | D7: 8.730011e+09 | E7: 7.8423391e+09 | F7: 9.7838166e+09 | G7: 1.1745197e+10 | H7: 1.2746809e+10 | I7: 1.0724355e+10 | J7: 1.1725967e+10 | K7: 6.618841e+09 | L7: 8.5603185e+09 | M7: 1.4137325e+10 | N7: 1.6377233e+10 | O7: 1.2710656e+10 | P7: 1.5009775e+10 | Q7: 7.2972756e+09 | R7: 9.8616193e+09 | S7: 1.287447e+10 | T7: 1.5484596e+10 | U7: 7.0124963e+09 | V7: 8.6697093e+09 | W7: 1.2929059e+10 | X7: 1.4581962e+10 | Y7: 1.0208975e+10 | Z7: 1.1863862e+10 | AA7: =SUM(C7,E7,G7,I7,K7,M7,O7,Q7,S7,U7,W7,Y7) -> 1.2088952e+11 | AB7: 13273992304 | AC7: =AA7/399 -> 3.0298126e+08 | AD7: =AA7/399 -> 3.0298126e+08
A8: 7 | B8: Benue | C8: 3.90514e+09 | D8: 4.7964876e+09 | E8: 3.5401675e+09 | F8: 4.4648485e+09 | G8: 4.0772229e+09 | H8: 4.9852372e+09 | I8: 4.2726187e+09 | J8: 5.1806331e+09 | K8: 4.2753129e+09 | L8: 5.1833273e+09 | M8: 4.5883854e+09 | N8: 5.8544932e+09 | O8: 4.8855801e+09 | P8: 6.0736483e+09 | Q8: 4.6568112e+09 | R8: 5.878196e+09 | S8: 4.7445358e+09 | T8: 6.0211573e+09 | U8: 4.4633292e+09 | V8: 5.7262043e+09 | W8: 4.44148e+09 | X8: 5.6988931e+09 | Y8: 4857871026 | Z8: 6.0141489e+09 | AA8: =SUM(C8,E8,G8,I8,K8,M8,O8,Q8,S8,U8,W8,Y8) -> 5.2708455e+10 | AB8: 1.2601151e+10 | AC8: =AA8/399 -> 1.3210139e+08 | AD8: =AA8/399 -> 1.3210139e+08
A9: 8 | B9: Borno | C9: 5.018767e+09 | D9: 5.1035325e+09 | E9: 4.6606249e+09 | F9: 4.7453904e+09 | G9: 5.2406807e+09 | H9: 5.3254463e+09 | I9: 5.4938968e+09 | J9: 5.5786623e+09 | K9: 5.5621512e+09 | L9: 5.6469167e+09 | M9: 5.8840216e+09 | N9: 6.4475639e+09 | O9: 6.0729198e+09 | P9: 6.6361745e+09 | Q9: 5.8086887e+09 | R9: 6.3980597e+09 | S9: 5.8934937e+09 | T9: 6.4808131e+09 | U9: 5.5889865e+09 | V9: 6.1951192e+09 | W9: 5.3937379e+09 | X9: 6.0194564e+09 | Y9: 5.7987301e+09 | Z9: 6.4236718e+09 | AA9: =SUM(C9,E9,G9,I9,K9,M9,O9,Q9,S9,U9,W9,Y9) -> 6.6416699e+10 | AB9: 1.8738213e+10 | AC9: =AA9/399 -> 1.6645789e+08 | AD9: =AA9/399 -> 1.6645789e+08
A10: 9 | B10: Cross River | C10: 2.7775898e+09 | D10: 4.2621785e+09 | E10: 2.4703157e+09 | F10: 3.9549044e+09 | G10: 3.0460949e+09 | H10: 4.4621565e+09 | I10: 3.2903062e+09 | J10: 4.7063678e+09 | K10: 3.2905328e+09 | L10: 4.7065944e+09 | M10: 3.6295019e+09 | N10: 5.2924664e+09 | O10: 3.8011604e+09 | P10: 5.4638921e+09 | Q10: 3.4246018e+09 | R10: 5.2130372e+09 | S10: 3.5366116e+09 | T10: 5.3756538e+09 | U10: 3.2744023e+09 | V10: 5.1000403e+09 | W10: 3.2085276e+09 | X10: 5.0292679e+09 | Y10: 3.4745286e+09 | Z10: 5.2976284e+09 | AA10: =SUM(C10,E10,G10,I10,K10,M10,O10,Q10,S10,U10,W10,Y10) -> 3.9224174e+10 | AB10: 2.2912281e+10 | AC10: =AA10/399 -> 98306199 | AD10: =AA10/399 -> 98306199
A11: 10 | B11: Delta | C11: 1.2996335e+10 | D11: 1.4021482e+10 | E11: 1.6888218e+10 | F11: 1.7906699e+10 | G11: 1.638287e+10 | H11: 1.7401351e+10 | I11: 1.5445266e+10 | J11: 1.6463747e+10 | K11: 1.2692862e+10 | L11: 1.3711342e+10 | M11: 1.9065257e+10 | N11: 2.0658773e+10 | O11: 1.9980675e+10 | P11: 2.1573956e+10 | Q11: 1.3597147e+10 | R11: 1.5231424e+10 | S11: 2.1144151e+10 | T11: 2.2829426e+10 | U11: 1.0541087e+10 | V11: 1.2212928e+10 | W11: 1.8524055e+10 | X11: 2.0217028e+10 | Y11: 1.4873439e+10 | Z11: 1.6568803e+10 | AA11: =SUM(C11,E11,G11,I11,K11,M11,O11,Q11,S11,U11,W11,Y11) -> 1.9213136e+11 | AB11: 8.0203624e+10 | AC11: =AA11/399 -> 4.8153224e+08 | AD11: =AA11/399 -> 4.8153224e+08
A12: 11 | B12: Ebonyi | C12: 3.7776798e+09 | D12: 3.9869979e+09 | E12: 3.458883e+09 | F12: 3.698309e+09 | G12: 3955052605 | H12: 4195108667 | I12: 4.0196185e+09 | J12: 4.2621862e+09 | K12: 4.1331894e+09 | L12: 4.3718012e+09 | M12: 4.3708249e+09 | N12: 4.8732458e+09 | O12: 4.4907247e+09 | P12: 4.9948838e+09 | Q12: 4.2738159e+09 | R12: 4.8223726e+09 | S12: 4.324644e+09 | T12: 4.8792456e+09 | U12: 4.1505163e+09 | V12: 4.6831249e+09 | W12: 4.1775771e+09 | X12: 4.7161916e+09 | Y12: 4.3456659e+09 | Z12: 4.8854062e+09 | AA12: =SUM(C12,E12,G12,I12,K12,M12,O12,Q12,S12,U12,W12,Y12) -> 4.9478192e+10 | AB12: 1.3752313e+10 | AC12: =AA12/399 -> 1.2400549e+08 | AD12: =AA12/399 -> 1.2400549e+08
A13: 12 | B13: Edo | C13: 4.6922413e+09 | D13: 5.0766761e+09 | E13: 5.1155413e+09 | F13: 5.4999761e+09 | G13: 5.6527203e+09 | H13: 6.037155e+09 | I13: 5.7367635e+09 | J13: 6.1211982e+09 | K13: 4.9697831e+09 | L13: 5.4542178e+09 | M13: 6.762368e+09 | N13: 7.6357191e+09 | O13: 6.5480655e+09 | P13: 7.379302e+09 | Q13: 5.2848197e+09 | R13: 6.1784115e+09 | S13: 5.9969749e+09 | T13: 7.3444069e+09 | U13: 4.4969078e+09 | V13: 5.7730419e+09 | W13: 5.6295083e+09 | X13: 6.9010883e+09 | Y13: 5.366581e+09 | Z13: 6.6403004e+09 | AA13: =SUM(C13,E13,G13,I13,K13,M13,O13,Q13,S13,U13,W13,Y13) -> 6.6252275e+10 | AB13: 4.2427205e+10 | AC13: =AA13/399 -> 1.660458e+08 | AD13: =AA13/399 -> 1.660458e+08
... A37: 36 | B37: Zamfara | C37: 3.494034e+09 | D37: 4.2639209e+09 | E37: 3.2138437e+09 | F37: 3.9837306e+09 | G37: 3.699064e+09 | H37: 4.4689509e+09 | I37: 3.8880496e+09 | J37: 4.6579365e+09 | K37: 3.9185083e+09 | L37: 4.6883952e+09 | M37: 4.1730284e+09 | N37: 5.278596e+09 | O37: 4.2781992e+09 | P37: 5.4974258e+09 | Q37: 4.0781779e+09 | R37: 5.3180848e+09 | S37: 4.1239963e+09 | T37: 5.3643372e+09 | U37: 3.8715915e+09 | V37: 5.1014966e+09 | W37: 3.8076843e+09 | X37: 5.0375893e+09 | Y37: 4.1169621e+09 | Z37: 5.3521073e+09 | AA37: =SUM(C37,E37,G37,I37,K37,M37,O37,Q37,S37,U37,W37,Y37) -> 4.6663139e+10 | AB37: 1.8980641e+10 | AC37: =AA37/399 -> 1.1695022e+08 | AD37: =AA37/399 -> 1.1695022e+08
A38: 37 | B38: FCT | C38: 1.4633672e+09 | E38: 4.8910435e+09 | G38: 5.4858742e+09 | I38: 5.7574808e+09 | K38: 7.8432502e+08 | M38: 6.7663238e+09 | O38: 7.0530832e+09 | Q38: 6.5676247e+09 | S38: 6.7454282e+09 | U38: 6.3919713e+09 | W38: 6.1572898e+09 | Y38: 6.5331468e+09 | AA38: =SUM(C38,E38,G38,I38,K38,M38,O38,Q38,S38,U38,W38,Y38) -> 6.4596959e+10 | AB38: 1.3192463e+11 | AC38: =AA38/399 -> 1.6189714e+08 | AD38: =AA38/399 -> 1.6189714e+08
AA39: =SUM(AA2:AA38) -> 2.517704e+12 | AC39: =AA39/399 -> 6.310035e+09 | AD39: =AA39/399 -> 6.310035e+09

Sheet 2022
A1: SNo | B1: State | C1: Jan_gross_allocation | D1: Jan_net | E1: feb_gross_allocation | F1: feb_net | G1: mar_gross_allocation | H1: march_net | I1: apr_gross_allocation | J1: apr_net | K1: may_gross_allocation | L1: May_net | M1: Jun_ Gross Allocation | N1: June_net | O1: Jul_gross_ allocation | P1: Jul_net | Q1: aug_gross _allocation | R1: aug_net | S1: sep_gross_allocation | T1: sep_net | U1: oct _gross_allocation | V1: oct_net | W1: nov_gross_allocation | X1: Nov_net | Y1: dec_gross_allocation | Z1: dec_net | AA1: Total Net | AB1: Total IGR | AC1: Total Net USD | AD1: Total IGR USD
A2: 1 | B2: ABIA | C2: 4.8020293e+09 | D2: 3.9915129e+09 | E2: 4.9020971e+09 | F2: 4.1113115e+09 | G2: 6.0680697e+09 | H2: 5.1289353e+09 | I2: 5.4137805e+09 | J2: 4.522913e+09 | K2: 6.0383534e+09 | L2: 5.0426352e+09 | M2: 6.5352555e+09 | N2: 5.4799892e+09 | O2: 7.1383442e+09 | P2: 6.0922345e+09 | Q2: 5.3276586e+09 | R2: 4.4572135e+09 | S2: 5.8562013e+09 | T2: 4.9797053e+09 | U2: 5.8228997e+09 | V2: 4.946697e+09 | W2: 6.817546e+09 | X2: 5.9306024e+09 | Y2: 7.4022409e+09 | Z2: 6.3273849e+09 | AA2: =SUM(D2,F2,H2,J2,L2,N2,P2,R2,T2,V2,X2,Z2) -> 6.1011135e+10 | AB2: 2.0108232e+10 | AC2: =AA2/423 -> 1.4423436e+08 | AD2: =AB2/423 -> 47537192
A3: 2 | B3: ADAMAWA | C3: 4.3228347e+09 | D3: 3.6865883e+09 | E3: 4666396951 | F3: 4.0507368e+09 | G3: 5.4668899e+09 | H3: 4.751741e+09 | I3: 5.0051595e+09 | J3: 4.3894994e+09 | K3: 5.7201763e+09 | L3: 5.038024e+09 | M3: 6.1089176e+09 | N3: 5.2858941e+09 | O3: 6937057222 | P3: 6.0827082e+09 | Q3: 5.3578187e+09 | R3: 4.6399158e+09 | S3: 5.71897e+09 | T3: 5.0010671e+09 | U3: 5.7940667e+09 | V3: 5.0761638e+09 | W3: 6.7433403e+09 | X3: 6.0254374e+09 | Y3: 7.3511574e+09 | Z3: 6.1631726e+09 | AA3: =SUM(D3,F3,H3,J3,L3,N3,P3,R3,T3,V3,X3,Z3) -> 6.0190949e+10 | AB3: 1.3175775e+10 | AC3: =AA3/423 -> 1.4229539e+08 | AD3: =AB3/423 -> 31148404
A4: 3 | B4: AKWA IBOM | C4: 1.8470108e+10 | D4: 1.7116694e+10 | E4: 1.5903631e+10 | F4: 1.457177e+10 | G4: 2.239068e+10 | H4: 2.0951827e+10 | I4: 2.1546282e+10 | J4: 2.0209922e+10 | K4: 2.0936651e+10 | L4: 1.9541456e+10 | M4: 2.8765289e+10 | N4: 2.7192866e+10 | O4: 2.7619501e+10 | P4: 2.6186965e+10 | Q4: 2.322917e+10 | R4: 2.195842e+10 | S4: 35482944029 | T4: 3.420905e+10 | U4: 2.3484366e+10 | V4: 2.2198431e+10 | W4: 4.252277e+10 | X4: 4.1237657e+10 | Y4: 5.0303221e+10 | Z4: 4.8805318e+10 | AA4: =SUM(D4,F4,H4,J4,L4,N4,P4,R4,T4,V4,X4,Z4) -> 3.1418037e+11 | AB4: 3.4812381e+10 | AC4: =AA4/423 -> 7.427432e+08 | AD4: =AB4/423 -> 82298773
A5: 4 | B5: ANAMBRA | C5: 4.528492e+09 | D5: 4.0882515e+09 | E5: 4.901289e+09 | F5: 4.4907747e+09 | G5: 5.7195693e+09 | H5: 5.2097321e+09 | I5: 5.0772342e+09 | J5: 4.66672e+09 | K5: 6.0081348e+09 | L5: 5.531253e+09 | M5: 6.8401698e+09 | N5: 6.3955435e+09 | O5: 7.6929197e+09 | P5: 7146214911 | Q5: 6.0637416e+09 | R5: 5.724039e+09 | S5: 7.0451589e+09 | T5: 6.7054562e+09 | U5: 6.78282e+09 | V5: 6.4431173e+09 | W5: 8.6902637e+09 | X5: 8.350561e+09 | Y5: 9.2714048e+09 | Z5: 8.7530825e+09 | AA5: =SUM(D5,F5,H5,J5,L5,N5,P5,R5,T5,V5,X5,Z5) -> 7.3504746e+10 | AB5: 3.3971393e+10 | AC5: =AA5/423 -> 1.7377008e+08 | AD5: =AB5/423 -> 80310622
A6: 5 | B6: BAUCHI | C6: 5.514948e+09 | D6: 4.2537737e+09 | E6: 5.4882517e+09 | F6: 4.317119e+09 | G6: 6.5419958e+09 | H6: 5.253609e+09 | I6: 5.8696236e+09 | J6: 4.698491e+09 | K6: 6.5677235e+09 | L6: 5.3167484e+09 | M6: 7.073446e+09 | N6: 5.7760866e+09 | O6: 8.2547316e+09 | P6: 6.9197572e+09 | Q6: 6.2428451e+09 | R6: 4.9442124e+09 | S6: 6.7444194e+09 | T6: 5.4457867e+09 | U6: 6.784199e+09 | V6: 5.3844731e+09 | W6: 7.8804697e+09 | X6: 6.4807438e+09 | Y6: 8.5296048e+09 | Z6: 6.3823248e+09 | AA6: =SUM(D6,F6,H6,J6,L6,N6,P6,R6,T6,V6,X6,Z6) -> 6.5173125e+10 | AB6: 2.5471119e+10 | AC6: =AA6/423 -> 1.5407358e+08 | AD6: =AB6/423 -> 60215412
A7: 6 | B7: BAYELSA | C7: 1.4836436e+10 | D7: 1.3054185e+10 | E7: 1.4091351e+10 | F7: 1.244906e+10 | G7: 2.2206917e+10 | H7: 2.0529427e+10 | I7: 2.2860554e+10 | J7: 2.1274866e+10 | K7: 1.9194944e+10 | L7: 1.7557759e+10 | M7: 2.3638882e+10 | N7: 2.1847239e+10 | O7: 2.5730256e+10 | P7: 2.4031664e+10 | Q7: 2.1616899e+10 | R7: 2.0061093e+10 | S7: 2.9162381e+10 | T7: 2.7603403e+10 | U7: 1.835471e+10 | V7: 1.6769765e+10 | W7: 2.5995668e+10 | X7: 2.4426819e+10 | Y7: 3.4984554e+10 | Z7: 3.3298566e+10 | AA7: =SUM(D7,F7,H7,J7,L7,N7,P7,R7,T7,V7,X7,Z7) -> 2.5290385e+11 | AB7: 1.590266e+10 | AC7: =AA7/423 -> 5.9788143e+08 | AD7: =AB7/423 -> 37594941
A8: 7 | B8: BENUE | C8: 4.769072e+09 | D8: 3.6276436e+09 | E8: 5.1284628e+09 | F8: 3.9985477e+09 | G8: 6.1046041e+09 | H8: 4.8569721e+09 | I8: 5.4330404e+09 | J8: 4.2988204e+09 | K8: 6.2758874e+09 | L8: 5.0763969e+09 | M8: 6.6617411e+09 | N8: 5.3970182e+09 | O8: 7.77335e+09 | P8: 6.4557273e+09 | Q8: 5.9476053e+09 | R8: 4.8144526e+09 | S8: 6.3272681e+09 | T8: 5.1866015e+09 | U8: 6.4550918e+09 | V8: 5.314944e+09 | W8: 7.5120345e+09 | X8: 6.3588551e+09 | Y8: 8.1189982e+09 | Z8: 7.3648547e+09 | AA8: =SUM(D8,F8,H8,J8,L8,N8,P8,R8,T8,V8,X8,Z8) -> 6.2750834e+10 | AB8: 1.5952847e+10 | AC8: =AA8/423 -> 1.4834713e+08 | AD8: =AB8/423 -> 37713586
A9: 8 | B9: BORNO | C9: 5.0884436e+09 | D9: 4.4635018e+09 | E9: 5.46122e+09 | F9: 4.8517178e+09 | G9: 6.5659587e+09 | H9: 5.8350919e+09 | I9: 5.8339279e+09 | J9: 5.2244258e+09 | K9: 6.5782848e+09 | L9: 5.8858513e+09 | M9: 7.2154581e+09 | N9: 6.4748459e+09 | O9: 8.418676e+09 | P9: 7.6389934e+09 | Q9: 6.351567e+09 | R9: 5.7420649e+09 | S9: 6.7513589e+09 | T9: 6.1418568e+09 | U9: 6.8796796e+09 | V9: 6.2701774e+09 | W9: 8.3467153e+09 | X9: 7.7372131e+09 | Y9: 8.7503945e+09 | Z9: 8.102004e+09 | AA9: =SUM(D9,F9,H9,J9,L9,N9,P9,R9,T9,V9,X9,Z9) -> 7.4367744e+10 | AB9: 1.9061946e+10 | AC9: =AA9/423 -> 1.7581027e+08 | AD9: =AB9/423 -> 45063703
A10: 9 | B10: CROSS RIVER | C10: 4.2146335e+09 | D10: 2.4048487e+09 | E10: 4.5567839e+09 | F10: 2.3907037e+09 | G10: 5.3884777e+09 | H10: 3.1157083e+09 | I10: 4.839296e+09 | J10: 3.3024908e+09 | K10: 5.5529876e+09 | L10: 3.957657e+09 | M10: 5.9111512e+09 | N10: 4.2573295e+09 | O10: 6.9189784e+09 | P10: 5.2177236e+09 | Q10: 5.3152925e+09 | R10: 3.7794443e+09 | S10: 5.5938392e+09 | T10: 4.0832404e+09 | U10: 5.7233506e+09 | V10: 4.2132169e+09 | W10: 6.5886996e+09 | X10: 4.6812956e+09 | Y10: 7.1817277e+09 | Z10: 5.7934347e+09 | AA10: =SUM(D10,F10,H10,J10,L10,N10,P10,R10,T10,V10,X10,Z10) -> 4.7197093e+10 | AB10: 2.1098948e+10 | AC10: =AA10/423 -> 1.1157705e+08 | AD10: =AB10/423 -> 49879309
A11: 10 | B11: DELTA | C11: 2.3728094e+10 | D11: 2.2046174e+10 | E11: 2.0985362e+10 | F11: 1.932486e+10 | G11: 3.0274939e+10 | H11: 2.8506818e+10 | I11: 2.9393468e+10 | J11: 2.7729068e+10 | K11: 2.7111339e+10 | L11: 2.5387845e+10 | M11: 3.6543283e+10 | N11: 3.4439397e+10 | O11: 3.77034e+10 | P11: 3.5706286e+10 | Q11: 3.287336e+10 | R11: 3.1038182e+10 | S11: 4.8356847e+10 | T11: 4.6603277e+10 | U11: 2.7524702e+10 | V11: 2.574614e+10 | W11: 3.9012525e+10 | X11: 3.7247627e+10 | Y11: 4.7947974e+10 | Z11: 4.6136199e+10 | AA11: =SUM(D11,F11,H11,J11,L11,N11,P11,R11,T11,V11,X11,Z11) -> 3.7991187e+11 | AB11: 8.5901608e+10 | AC11: =AA11/423 -> 8.9813682e+08 | AD11: =AB11/423 -> 2.0307709e+08
A12: 11 | B12: EBONYI | C12: 3.9465299e+09 | D12: 3.4220178e+09 | E12: 4.1763101e+09 | F12: 3.6723605e+09 | G12: 5.0171528e+09 | H12: 4.413149e+09 | I12: 4.4578608e+09 | J12: 3947803328 | K12: 5.1369355e+09 | L12: 4.5712853e+09 | M12: 5.4427216e+09 | N12: 4.744639e+09 | O12: 6.312075e+09 | P12: 5.5755527e+09 | Q12: 4.9405054e+09 | R12: 4.3461911e+09 | S12: 5.1272666e+09 | T12: 4.5311592e+09 | U12: 5.3710536e+09 | V12: 4.7782332e+09 | W12: 6066498382 | X12: 5.4598693e+09 | Y12: 6.5496285e+09 | Z12: 5.7897097e+09 | AA12: =SUM(D12,F12,H12,J12,L12,N12,P12,R12,T12,V12,X12,Z12) -> 5.525197e+10 | AB12: 1.2426179e+10 | AC12: =AA12/423 -> 1.3061931e+08 | AD12: =AB12/423 -> 29376309
A13: 12 | B13: EDO | C13: 6.0447715e+09 | D13: 4.7834331e+09 | E13: 6.4203477e+09 | F13: 5.1116272e+09 | G13: 8.7679352e+09 | H13: 7.3592372e+09 | I13: 8.4857129e+09 | J13: 7.1734033e+09 | K13: 8391704088 | L13: 7.0249743e+09 | M13: 9.2721744e+09 | N13: 7.8316511e+09 | O13: 1.1016967e+10 | P13: 9.5517431e+09 | Q13: 8.9516702e+09 | R13: 7.6397616e+09 | S13: 1.0791259e+10 | T13: 9.4735749e+09 | U13: 8.5890824e+09 | V13: 7.265083e+09 | W13: 1.0245383e+10 | X13: 8.917266e+09 | Y13: 1.2287634e+10 | Z13: 1.1014291e+10 | AA13: =SUM(D13,F13,H13,J13,L13,N13,P13,R13,T13,V13,X13,Z13) -> 9.3146046e+10 | AB13: 4.7458128e+10 | AC13: =AA13/423 -> 2.2020342e+08 | AD13: =AB13/423 -> 1.1219416e+08
... A37: 36 | B37: ZAMFARA | C37: 4.2943545e+09 | D37: 3.5268191e+09 | E37: 4.6133911e+09 | F37: 3.8621628e+09 | G37: 5.4463595e+09 | H37: 4.5957338e+09 | I37: 4.8594672e+09 | J37: 4.1082389e+09 | K37: 5.5698813e+09 | L37: 4.7522295e+09 | M37: 5.9564554e+09 | N37: 5.096045e+09 | O37: 6.9251853e+09 | P37: 6.0334816e+09 | Q37: 5.3396188e+09 | R37: 4.1620073e+09 | S37: 5.6463503e+09 | T37: 4.4687388e+09 | U37: 5.7577329e+09 | V37: 4.5801214e+09 | W37: 6.6053501e+09 | X37: 5.4277386e+09 | Y37: 7.2190428e+09 | Z37: 6.0037846e+09 | AA37: =SUM(D37,F37,H37,J37,L37,N37,P37,R37,T37,V37,X37,Z37) -> 5.6617101e+10 | AB37: 1.9439732e+10 | AC37: =AA37/423 -> 1.3384658e+08 | AD37: =AB37/423 -> 45956814
A38: 37 | B38: FCT | C38: 5.0449703e+09 | D38: 5.0449703e+09 | F38: 5.5985996e+09 | H38: 6.652797e+09 | J38: 6.0118012e+09 | K38: 6.403929e+09 | L38: 6.403929e+09 | N38: 7.4267229e+09 | P38: 8.9163276e+09 | Q38: 6.3989971e+09 | S38: 6.9330759e+09 | U38: 7.0361791e+09 | W38: 8.2654488e+09 | Y38: 8.8442264e+09 | Z38: 8.8442264e+09 | AA38: =SUM(D38,F38,H38,J38,L38,N38,P38,R38,T38,V38,X38,Z38) -> 5.4899374e+10 | AB38: 1.2436677e+11 | AC38: =AA38/423 -> 1.2978575e+08 | AD38: =AB38/423 -> 2.9401129e+08
AA39: =SUM(AA2:AA38) -> 3.4032409e+12 | AC39: =AA39/423 -> 8.0454869e+09

Sheet 2023
A1: SNo | B1: State | C1: jan_gross | D1: jan_net | E1: feb_gross | F1: feb_net | G1: mar_gross | H1: mar_net | I1: apr_gross | J1: apr_net | K1: May_Gross | L1: May_net | M1: June gross | N1: June net | O1: july gross | P1: julynet | Q1: Aug_gross | R1: aug_net | S1: sept_gross | T1: septnet | U1: Oct_gross | V1: octnet | W1: Nov_gross | X1: Nov_net | Y1: Dec_gross | Z1: dec net | AA1: Total Net | AB1: Total IGR | AC1: Total Net USD | AD1: Total IGR USD
A2: 1 | B2: ABIA | C2: 7.4022409e+09 | D2: 6.3841964e+09 | E2: 5.9226155e+09 | F2: 4.6659373e+09 | G2: 5.8695228e+09 | H2: 4.6128467e+09 | I2: 5.7250791e+09 | J2: 4.468401e+09 | K2: 6.3426847e+09 | L2: 5.3495351e+09 | M2: 7.4578882e+09 | N2: 6.4646351e+09 | O2: 7.5896236e+09 | P2: 7.1979525e+09 | Q2: 8.5660879e+09 | R2: 8.0687022e+09 | S2: 7.0706193e+09 | T2: 6.5848522e+09 | U2: 7.2605739e+09 | V2: 6.9272917e+09 | W2: 8.7764366e+09 | X2: 8.3709244e+09 | Y2: 9.1918167e+09 | Z2: 8.7931696e+09 | AA2: =SUM(D2,F2,H2,J2,L2,N2,P2,R2,T2,V2,X2,Z2) -> 7.7888444e+10 | AB2: 2.373385e+10 | AC2: =AA2/646 -> 1.2057035e+08 | AD2: =AB2/646 -> 36739706
A3: 2 | B3: ADAMAWA | C3: 7.3511574e+09 | D3: 6.1631726e+09 | E3: 5.9806428e+09 | F3: 4.9641265e+09 | G3: 5.7673725e+09 | H3: 4.7508562e+09 | I3: 5.636287e+09 | J3: 4.6197707e+09 | K3: 6.3043354e+09 | L3: 5.3830972e+09 | M3: 7.3408636e+09 | N3: 6.4195154e+09 | O3: 7.7384176e+09 | P3: 7.3149447e+09 | Q3: 9.0064171e+09 | R3: 8.3665889e+09 | S3: 6.8720109e+09 | T3: 6.2258112e+09 | U3: 7.5332551e+09 | V3: 7.0863423e+09 | W3: 8.4536714e+09 | X3: 7.9272718e+09 | Y3: 9.2539478e+09 | Z3: 8.7279764e+09 | AA3: =SUM(D3,F3,H3,J3,L3,N3,P3,R3,T3,V3,X3,Z3) -> 7.7949474e+10 | AB3: 1.706619e+10 | AC3: =AA3/646 -> 1.2066482e+08 | AD3: =AB3/646 -> 26418251
A4: 3 | B4: AKWA IBOM | C4: 5.0303221e+10 | D4: 4.8866317e+10 | E4: 2.6429222e+10 | F4: 2.4289555e+10 | G4: 2.5703241e+10 | H4: 2.4830815e+10 | I4: 2.7204149e+10 | J4: 2.4444708e+10 | K4: 2.9733257e+10 | L4: 2.7802881e+10 | M4: 2.6267613e+10 | N4: 2.4337197e+10 | O4: 1.9601318e+10 | P4: 1.8740213e+10 | Q4: 1.7243532e+10 | R4: 1.5463191e+10 | S4: 2.5588337e+10 | T4: 2.3820508e+10 | U4: 1.8671606e+10 | V4: 1.7861838e+10 | W4: 2.4333439e+10 | X4: 2.3446154e+10 | Y4: 2.1850605e+10 | Z4: 2.097073e+10 | AA4: =SUM(D4,F4,H4,J4,L4,N4,P4,R4,T4,V4,X4,Z4) -> 2.9487411e+11 | AB4: 4.3184025e+10 | AC4: =AA4/646 -> 4.5646147e+08 | AD4: =AB4/646 -> 66848335
A5: 4 | B5: ANAMBRA | C5: 9.2714048e+09 | D5: 8.7530825e+09 | E5: 7,022,136,017.83 8 | F5: 6.1497102e+09 | G5: 6.978664e+09 | H5: 4.7471458e+09 | I5: 7.138736e+09 | J5: 6.2663102e+09 | K5: 7.5390586e+09 | L5: 7.1228187e+09 | M5: 8.6823895e+09 | N5: 8.2660397e+09 | O5: 8.8271652e+09 | P5: 8.6558061e+09 | Q5: 9.6335875e+09 | R5: 9.400195e+09 | S5: 8.2129742e+09 | T5: 7.9732221e+09 | U5: 8.3158983e+09 | V5: 8.1445392e+09 | W5: 1.0099969e+10 | X5: 9.8659294e+09 | Y5: 1.0805693e+10 | Z5: 1.0572075e+10 | AA5: =SUM(D5,F5,H5,J5,L5,N5,P5,R5,T5,V5,X5,Z5) -> 9.5916874e+10 | AB5: 3.3461369e+10 | AC5: =AA5/646 -> 1.4847813e+08 | AD5: =AB5/646 -> 51797784
A6: 5 | B6: BAUCHI | C6: 8.5296048e+09 | D6: 6.3823248e+09 | E6: 6.9583926e+09 | F6: 4.7980183e+09 | G6: 6.6986943e+09 | H6: 4.3750254e+09 | I6: 6.576204e+09 | J6: 4.3446858e+09 | K6: 7.2048026e+09 | L6: 5.3280423e+09 | M6: 8.5146466e+09 | N6: 6.6377541e+09 | O6: 9.0435369e+09 | P6: 7.2144423e+09 | Q6: 1.019141e+10 | R6: 8.2020215e+09 | S6: 8.0048287e+09 | T6: 6.0077894e+09 | U6: 8.4909131e+09 | V6: 6.6618185e+09 | W6: 9.8417858e+09 | X6: 7.9372841e+09 | Y6: 1.0860391e+10 | Z6: 8.956398e+09 | AA6: =SUM(D6,F6,H6,J6,L6,N6,P6,R6,T6,V6,X6,Z6) -> 7.6845604e+10 | AB6: 3.0584926e+10 | AC6: =AA6/646 -> 1.1895604e+08 | AD6: =AB6/646 -> 47345086
A7: 6 | B7: BAYELSA | C7: 3.4984554e+10 | D7: 3.3352249e+10 | E7: 1.9769566e+10 | F7: 1.7445897e+10 | G7: 1.7664105e+10 | H7: 1.6876228e+10 | I7: 2.1395979e+10 | J7: 1.907231e+10 | K7: 2.360929e+10 | L7: 2.204162e+10 | M7: 2.1222322e+10 | N7: 1.9749954e+10 | O7: 1.7092307e+10 | P7: 1.6603373e+10 | Q7: 1.5011578e+10 | R7: 1.372124e+10 | S7: 2.1899487e+10 | T7: 2.0620128e+10 | U7: 1.5936079e+10 | V7: 1.5459377e+10 | W7: 2.1280228e+10 | X7: 2.0735273e+10 | Y7: 1.7752133e+10 | Z7: 1.7213665e+10 | AA7: =SUM(D7,F7,H7,J7,L7,N7,P7,R7,T7,V7,X7,Z7) -> 2.3289131e+11 | AB7: 1.9823621e+10 | AC7: =AA7/646 -> 3.6051287e+08 | AD7: =AB7/646 -> 30686720
A8: 7 | B8: BENUE | C8: 8.1189982e+09 | D8: 7.4328959e+09 | E8: 6.642713e+09 | F8: 5.8748351e+09 | G8: 6.3992092e+09 | H8: 5.2605007e+09 | I8: 6.31472e+09 | J8: 5.5468422e+09 | K8: 6.8400677e+09 | L8: 6.230273e+09 | M8: 8.0910264e+09 | N8: 7.4811077e+09 | O8: 8.6425836e+09 | P8: 8.4633944e+09 | Q8: 9.6868969e+09 | R8: 9.2875381e+09 | S8: 7.606989e+09 | T8: 7.2215454e+09 | U8: 8.2509109e+09 | V8: 8.0872247e+09 | W8: 9.5289445e+09 | X8: 9.2787506e+09 | Y8: 1.0319039e+10 | Z8: 1.0077067e+10 | AA8: =SUM(D8,F8,H8,J8,L8,N8,P8,R8,T8,V8,X8,Z8) -> 9.0241975e+10 | AB8: 1.9116356e+10 | AC8: =AA8/646 -> 1.3969346e+08 | AD8: =AB8/646 -> 29591882
A9: 8 | B9: BORNO | C9: 8.7503945e+09 | D9: 8.102004e+09 | E9: 7.000338e+09 | F9: 5.8616295e+09 | G9: 7.3268421e+09 | H9: 5.5323845e+09 | I9: 6.6867592e+09 | J9: 5.5480507e+09 | K9: 7.2405697e+09 | L9: 6.6056312e+09 | M9: 8.8672375e+09 | N9: 8.2321617e+09 | O9: 9.1476927e+09 | P9: 8.9907334e+09 | Q9: 1.0421555e+10 | R9: 1.0187081e+10 | S9: 8.1591357e+09 | T9: 7.9167142e+09 | U9: 8.6719333e+09 | V9: 8.514974e+09 | W9: 1.0019201e+10 | X9: 9.783917e+09 | Y9: 1.0886773e+10 | Z9: 1.0652018e+10 | AA9: =SUM(D9,F9,H9,J9,L9,N9,P9,R9,T9,V9,X9,Z9) -> 9.5927299e+10 | AB9: 1.9454028e+10 | AC9: =AA9/646 -> 1.4849427e+08 | AD9: =AB9/646 -> 30114595
A10: 9 | B10: CROSS RIVER | C10: 7.1817277e+09 | D10: 5.8544444e+09 | E10: 5.8544758e+09 | F10: 3.7296614e+09 | G10: 5.6736419e+09 | H10: 4.5825616e+09 | I10: 5.5039386e+09 | J10: 3.411111e+09 | K10: 6.1217027e+09 | L10: 4.3841673e+09 | M10: 7.1879777e+09 | N10: 5.450331e+09 | O10: 7.6279374e+09 | P10: 6.5491232e+09 | Q10: 8.6091568e+09 | R10: 7.0168842e+09 | S10: 6.736723e+09 | T10: 5.1889144e+09 | U10: 7.1363587e+09 | V10: 6.103432e+09 | W10: 8.2771203e+09 | X10: 7.166626e+09 | Y10: 9.074139e+09 | Z10: 7.9710171e+09 | AA10: =SUM(D10,F10,H10,J10,L10,N10,P10,R10,T10,V10,X10,Z10) -> 6.7408274e+10 | AB10: 3.156058e+10 | AC10: =AA10/646 -> 1.0434717e+08 | AD10: =AB10/646 -> 48855387
A11: 10 | B11: DELTA | C11: 4.7947974e+10 | D11: 4.6197802e+10 | E11: 3.1158511e+10 | F11: 2.943072e+10 | G11: 3.7043454e+10 | H11: 3.5417533e+10 | I11: 4.2328098e+10 | J11: 3.9026638e+10 | K11: 4.4770284e+10 | L11: 5.0030917e+09 | M11: 4.136859e+10 | N11: 3.8820519e+10 | O11: 2.7714092e+10 | P11: 2.6402154e+10 | Q11: 2.4312809e+10 | R11: 2.2011801e+10 | S11: 3.3652149e+10 | T11: 3.136374e+10 | U11: 2.4305822e+10 | V11: 2.300792e+10 | W11: 3.6139111e+10 | X11: 3.4762887e+10 | Y11: 3.1741815e+10 | Z11: 3.0373035e+10 | AA11: =SUM(D11,F11,H11,J11,L11,N11,P11,R11,T11,V11,X11,Z11) -> 3.6181784e+11 | AB11: 1.1408831e+11 | AC11: =AA11/646 -> 5.6008954e+08 | AD11: =AB11/646 -> 1.7660729e+08
A12: 11 | B12: EBONYI | C12: 6.5496285e+09 | D12: 5.7897097e+09 | E12: 5.3716124e+09 | F12: 4.2793135e+09 | G12: 5.2554382e+09 | H12: 3.8298375e+09 | I12: 5.0951124e+09 | J12: 3.9964027e+09 | K12: 5.7328451e+09 | L12: 3.2446201e+09 | M12: 6.545548e+09 | N12: 5.8802193e+09 | O12: 6.8771443e+09 | P12: 6.2740561e+09 | Q12: 8.0131955e+09 | R12: 7.3565057e+09 | S12: 6.158943e+09 | T12: 5.4945418e+09 | U12: 6.5987633e+09 | V12: 6.0012136e+09 | W12: 7.6991986e+09 | X12: 7.0421132e+09 | Y12: 8.4212124e+09 | Z12: 7764782709 | AA12: =SUM(D12,F12,H12,J12,L12,N12,P12,R12,T12,V12,X12,Z12) -> 6.6953316e+10 | AB12: 3.084047e+10 | AC12: =AA12/646 -> 1.036429e+08 | AD12: =AB12/646 -> 47740666
A13: 12 | B13: EDO | C13: 1.2287634e+10 | D13: 1.1071021e+10 | E13: 8.4241916e+09 | F13: 6.7982705e+09 | G13: 8.0985294e+09 | H13: 7.3998627e+09 | I13: 8.6660427e+09 | J13: 7.0401216e+09 | K13: 9.8991908e+09 | L13: 8.6560661e+09 | M13: 1.0146901e+10 | N13: 8.9036727e+09 | O13: 9.667557e+09 | P13: 8.9112271e+09 | Q13: 1.0325851e+10 | R13: 9.3485312e+09 | S13: 1.0229062e+10 | T13: 9.2633443e+09 | U13: 9.0042824e+09 | V13: 8.2608983e+09 | W13: 1.0774124e+10 | X13: 9.9586133e+09 | Y13: 1.1108146e+10 | Z13: 1.0299491e+10 | AA13: =SUM(D13,F13,H13,J13,L13,N13,P13,R13,T13,V13,X13,Z13) -> 1.0591112e+11 | AB13: 6.4671497e+10 | AC13: =AA13/646 -> 1.639491e+08 | AD13: =AB13/646 -> 1.0011068e+08
A14: 13 | B14: EKITI | C14: 6.5192543e+09 | D14: 5.1741616e+09 | E14: 5.3540747e+09 | F14: 3.9284744e+09 | G14: 5.2495124e+09 | H14: 3.6044076e+09 | I14: 5.1196431e+09 | J14: 3.6940428e+09 | K14: 5.6578051e+09 | L14: 4.3349914e+09 | M14: 6.5576467e+09 | N14: 5.2347342e+09 | O14: 7.0249111e+09 | P14: 6.2815373e+09 | Q14: 7.855819e+09 | R14: 6.8085064e+09 | S14: 6.2505624e+09 | T14: 5.1975309e+09 | U14: 6.6109663e+09 | V14: 5.8675925e+09 | W14: 7.6332943e+09 | X14: 6.8335532e+09 | Y14: 8.3867091e+09 | Z14: 7.587348e+09 | AA14: =SUM(D14,F14,H14,J14,L14,N14,P14,R14,T14,V14,X14,Z14) -> 6.454688e+10 | AB14: 3.209605e+10 | AC14: =AA14/646 -> 99917771 | AD14: =AB14/646 -> 49684288
A15: 14 | B15: ENUGU | C15: 7.5093159e+09 | D15: 6.7160763e+09 | E15: 6.0506699e+09 | F15: 5.3520032e+09 | G15: 5.8992165e+09 | H15: 3.4693288e+09 | I15: 5.6982193e+09 | J15: 4999552633 | K15: 6.2670028e+09 | L15: 5.6422967e+09 | M15: 7.3669234e+09 | N15: 6.7421061e+09 | O15: 7.8417946e+09 | P15: 7.5784649e+09 | Q15: 8.8399925e+09 | R15: 8.435275e+09 | S15: 6.9427626e+09 | T15: 6.5583632e+09 | U15: 7.4142403e+09 | V15: 7.177661e+09 | W15: 8.5107594e+09 | X15: 8.2107818e+09 | Y15: 1.0143076e+10 | Z15: 9.8435263e+09 | AA15: =SUM(D15,F15,H15,J15,L15,N15,P15,R15,T15,V15,X15,Z15) -> 8.0725436e+10 | AB15: 3.3862941e+10 | AC15: =AA15/646 -> 1.2496198e+08 | AD15: =AB15/646 -> 52419413
A16: 15 | B16: GOMBE | C16: 6.8048468e+09 | D16: 5.1897501e+09 | E16: 5.546187e+09 | F16: 3.9010823e+09 | G16: 5.319649e+09 | H16: 3.6745442e+09 | I16: 5.1883727e+09 | J16: 3.543268e+09 | K16: 5.7154336e+09 | L16: 4.1705349e+09 | M16: 6.7180973e+09 | N16: 5.1730945e+09 | O16: 7.278914e+09 | P16: 5.9043106e+09 | Q16: 8.3358099e+09 | R16: 6.9024403e+09 | S16: 6.446753e+09 | T16: 5.2677243e+09 | U16: 6.8315998e+09 | V16: 5.7173619e+09 | W16: 7.9273121e+09 | X16: 6.7536948e+09 | Y16: 8.6921175e+09 | Z16: 7.5189005e+09 | AA16: =SUM(D16,F16,H16,J16,L16,N16,P16,R16,T16,V16,X16,Z16) -> 6.3716706e+10 | AB16: 1.517905e+10 | AC16: =AA16/646 -> 98632672 | AD16: =AB16/646 -> 23496982
A17: 16 | B17: IMO | C17: 9.456274e+09 | D17: 7.5422211e+09 | E17: 7.2256779e+09 | F17: 4.7957901e+09 | G17: 7.0224261e+09 | H17: 4.5925383e+09 | I17: 6.9997058e+09 | J17: 4.569818e+09 | K17: 7.783333e+09 | L17: 5.9281469e+09 | M17: 8.5913769e+09 | N17: 6.736076e+09 | O17: 8.7798274e+09 | P17: 7.4070719e+09 | Q17: 9.6366491e+09 | R17: 7.7039333e+09 | S17: 8.2385396e+09 | T17: 6.3187244e+09 | U17: 8.414152e+09 | V17: 7.055769e+09 | W17: 1.000868e+10 | X17: 8.570096e+09 | Y17: 1.0807818e+10 | Z17: 9.3768569e+09 | AA17: =SUM(D17,F17,H17,J17,L17,N17,P17,R17,T17,V17,X17,Z17) -> 8.0597042e+10 | AB17: 2.1051313e+10 | AC17: =AA17/646 -> 1.2476322e+08 | AD17: =AB17/646 -> 32587172
... A21: 20 | B21: KATSINA | C21: 9.0742584e+09 | D21: 7.6499746e+09 | E21: 7.4097755e+09 | F21: 5.3654159e+09 | G21: 7.2901527e+09 | H21: 5.2445565e+09 | I21: 6.9390555e+09 | J21: 4.8941249e+09 | K21: 7.5752916e+09 | L21: 6.1682855e+09 | M21: 9.0230361e+09 | N21: 7.6109617e+09 | O21: 9.5420923e+09 | P21: 8.483291e+09 | Q21: 1.0891211e+10 | R21: 9.7557174e+09 | S21: 8.5509976e+09 | T21: 7.4076417e+09 | U21: 9.05821e+09 | V21: 7.9994087e+09 | W21: 1.051309e+10 | X21: 9.3767957e+09 | Y21: 1.1727194e+10 | Z21: 1.0591422e+10 | AA21: =SUM(D21,F21,H21,J21,L21,N21,P21,R21,T21,V21,X21,Z21) -> 9.0547596e+10 | AB21: 2.695661e+10 | AC21: =AA21/646 -> 1.4016656e+08 | AD21: =AB21/646 -> 41728499
A22: 21 | B22: KEBBI | C22: 7.4929506e+09 | D22: 7.0466667e+09 | E22: 6,172,578,737.65 1 | F22: 5.1243644e+09 | G22: 5.9018065e+09 | H22: 4.8536208e+09 | I22: 5.7953826e+09 | J22: 4.7472546e+09 | K22: 6.3536639e+09 | L22: 5.8243994e+09 | M22: 7.4925865e+09 | N22: 6.9632345e+09 | O22: 7.9359872e+09 | P22: 7.6529449e+09 | Q22: 9.0485009e+09 | R22: 8.6895914e+09 | S22: 7.0709661e+09 | T22: 6.7211885e+09 | U22: 7.5038144e+09 | V22: 7.2314591e+09 | W22: 8.8106822e+09 | X22: 8.4942339e+09 | Y22: 9.4423699e+09 | Z22: 9.1336941e+09 | AA22: =SUM(D22,F22,H22,J22,L22,N22,P22,R22,T22,V22,X22,Z22) -> 8.2482652e+10 | AB22: 11737075709 | AC22: =AA22/646 -> 1.2768212e+08 | AD22: =AB22/646 -> 18168848
A23: 22 | B23: KOGI | C23: 7.8123002e+09 | D23: 6.4717769e+09 | E23: 6.3407123e+09 | F23: 4.3753331e+09 | G23: 6.2272763e+09 | H23: 4.2618971e+09 | I23: 5.9984399e+09 | J23: 4.2130059e+09 | K23: 6.8021482e+09 | L23: 5.4599414e+09 | M23: 7.812823e+09 | N23: 6.4704941e+09 | O23: 8.2887882e+09 | P23: 7.4025844e+09 | Q23: 9.3288925e+09 | R23: 8.356675e+09 | S23: 7.5281213e+09 | T23: 6.0121637e+09 | U23: 7.7494487e+09 | V23: 5.7921613e+09 | W23: 9.1063997e+09 | X23: 7.0638576e+09 | Y23: 9.7335877e+09 | Z23: 7.7540962e+09 | AA23: =SUM(D23,F23,H23,J23,L23,N23,P23,R23,T23,V23,X23,Z23) -> 7.3633987e+10 | AB23: 2.678047e+10 | AC23: =AA23/646 -> 1.139845e+08 | AD23: =AB23/646 -> 41455837
A24: 23 | B24: KWARA | C24: 6.6098786e+09 | D24: 5.3419539e+09 | E24: 5.5228472e+09 | F24: 4.1562779e+09 | G24: 5.3169242e+09 | H24: 3.9503549e+09 | I24: 5.1584574e+09 | J24: 3.7918881e+09 | K24: 5.5635644e+09 | L24: 4.3214636e+09 | M24: 6.5619539e+09 | N24: 5.3197548e+09 | O24: 6.9875173e+09 | P24: 6.257611e+09 | Q24: 7.8893665e+09 | R24: 6.8873858e+09 | S24: 6.2754928e+09 | T24: 5.2845569e+09 | U24: 6.6849624e+09 | V24: 5.9673612e+09 | W24: 7.6252695e+09 | X24: 6.8390046e+09 | Y24: 8.511852e+09 | Z24: 7.7321133e+09 | AA24: =SUM(D24,F24,H24,J24,L24,N24,P24,R24,T24,V24,X24,Z24) -> 6.5849726e+10 | AB24: 5.9642678e+10 | AC24: =AA24/646 -> 1.0193456e+08 | AD24: =AB24/646 -> 92326127
A25: 24 | B25: LAGOS | C25: 2.2910609e+10 | D25: 1.340351e+10 | E25: 2.3433631e+10 | F25: 1.3531417e+10 | G25: 2.2294255e+10 | H25: 1.2392041e+10 | I25: 1.8302389e+10 | J25: 8.4001748e+09 | K25: 1.9386684e+10 | L25: 1.0131146e+10 | M25: 2.422646e+10 | N25: 1.4970774e+10 | O25: 2.5688484e+10 | P25: 1.4332945e+10 | Q25: 3.0077759e+10 | R25: 1.8638641e+10 | S25: 2.5727351e+10 | T25: 1.5329664e+10 | U25: 2.9652745e+10 | V25: 1.9347206e+10 | W25: 3.0550153e+10 | X25: 2.0160163e+10 | Y25: 4.202814e+10 | Z25: 3.1638719e+10 | AA25: =SUM(D25,F25,H25,J25,L25,N25,P25,R25,T25,V25,X25,Z25) -> 1.922764e+11 | AB25: 8.1586468e+11 | AC25: =AA25/646 -> 2.9764149e+08 | AD25: =AB25/646 -> 1.2629484e+09
A26: 25 | B26: NASSARAWA | C26: 6.5369755e+09 | D26: 6.0086158e+09 | E26: 5,371,534,838.71 7 | F26: 4.5804481e+09 | G26: 5.1355298e+09 | H26: 4.3444431e+09 | I26: 5.0328921e+09 | J26: 4.2418053e+09 | K26: 5.5710304e+09 | L26: 5.0913784e+09 | M26: 6.5169562e+09 | N26: 6.0372023e+09 | O26: 6.9094968e+09 | P26: 6.709057e+09 | Q26: 7.8793542e+09 | R26: 7.6213786e+09 | S26: 6.1427917e+09 | T26: 5.8789176e+09 | U26: 6.5882029e+09 | V26: 6.3877631e+09 | W26: 7.5351965e+09 | X26: 7.2766205e+09 | Y26: 8.2958465e+09 | Z26: 8.0376625e+09 | AA26: =SUM(D26,F26,H26,J26,L26,N26,P26,R26,T26,V26,X26,Z26) -> 7.2215292e+10 | AB26: 2.3487435e+10 | AC26: =AA26/646 -> 1.1178838e+08 | AD26: =AB26/646 -> 36358259
A27: 26 | B27: NIGER | C27: 8.4620512e+09 | D27: 7.0181983e+09 | E27: 6.754987e+09 | F27: 4.397259e+09 | G27: 6.5816148e+09 | H27: 4.520743e+09 | I27: 6.6085514e+09 | J27: 4.5438941e+09 | K27: 7.0733766e+09 | L27: 5.5787766e+09 | M27: 8.3060023e+09 | N27: 6.8169164e+09 | O27: 8.9774268e+09 | P27: 7.7221998e+09 | Q27: 9.9798366e+09 | R27: 8.6439676e+09 | S27: 7.9293695e+09 | T27: 6.6082092e+09 | U27: 8.3678156e+09 | V27: 7.128997e+09 | W27: 9.6093541e+09 | X27: 8.2791761e+09 | Y27: 1.0877553e+10 | Z27: 9.5360709e+09 | AA27: =SUM(D27,F27,H27,J27,L27,N27,P27,R27,T27,V27,X27,Z27) -> 8.0794408e+10 | AB27: 2.1675391e+10 | AC27: =AA27/646 -> 1.2506874e+08 | AD27: =AB27/646 -> 33553237
A28: 27 | B28: OGUN | C28: 7.3481615e+09 | D28: 5.250317e+09 | E28: 5.9915797e+09 | F28: 3.2776982e+09 | G28: 5.7322342e+09 | H28: 3.0183527e+09 | I28: 5.6491334e+09 | J28: 2.9352519e+09 | K28: 6.3251953e+09 | L28: 4.0834939e+09 | M28: 7.2617185e+09 | N28: 5.0199144e+09 | O28: 7.7472054e+09 | P28: 6.6795393e+09 | Q28: 8.7545814e+09 | R28: 6.7408322e+09 | S28: 6.9196183e+09 | T28: 4.4573949e+09 | U28: 7.3594864e+09 | V28: 5.8492884e+09 | W28: 8.4653235e+09 | X28: 6.8965575e+09 | Y28: 9.3912221e+09 | Z28: 7.822851e+09 | AA28: =SUM(D28,F28,H28,J28,L28,N28,P28,R28,T28,V28,X28,Z28) -> 6.2031491e+10 | AB28: 1.4687504e+11 | AC28: =AA28/646 -> 96023981 | AD28: =AB28/646 -> 2.2736075e+08
A29: 28 | B29: ONDO | C29: 1.2066198e+10 | D29: 1.0669299e+10 | E29: 8.357805e+09 | F29: 6.8498019e+09 | G29: 8.5107719e+09 | H29: 7.0027687e+09 | I29: 8.5022579e+09 | J29: 7.028623e+09 | K29: 9.1901706e+09 | L29: 7.9334192e+09 | M29: 9.9030176e+09 | N29: 8.6461632e+09 | O29: 9.6207288e+09 | P29: 8.6905264e+09 | Q29: 9.7957456e+09 | R29: 8.7468702e+09 | S29: 9.6833799e+09 | T29: 8.5560549e+09 | U29: 8.9629386e+09 | V29: 8.0456045e+09 | W29: 1.0557798e+10 | X29: 9.568658e+09 | Y29: 1.0920063e+10 | Z29: 9.8477477e+09 | AA29: =SUM(D29,F29,H29,J29,L29,N29,P29,R29,T29,V29,X29,Z29) -> 1.0158554e+11 | AB29: 4.1501551e+10 | AC29: =AA29/646 -> 1.5725315e+08 | AD29: =AB29/646 -> 64243888
A30: 29 | B30: OSUN | C30: 7.0505231e+09 | D30: 5.0763794e+09 | E30: 5.6933377e+09 | F30: 3.8174349e+09 | G30: 5.6151969e+09 | H30: 3.7392941e+09 | I30: 5.4538023e+09 | J30: 3.5778994e+09 | K30: 5.8952727e+09 | L30: 4.0193699e+09 | M30: 6.9606257e+09 | N30: 5.0846221e+09 | O30: 7.4088478e+09 | P30: 7.0629004e+09 | Q30: 8.2919101e+09 | R30: 6.7467912e+09 | S30: 6.5825895e+09 | T30: 5.0316372e+09 | U30: 7.0045404e+09 | V30: 6.6585931e+09 | W30: 8.1576607e+09 | X30: 7.7542189e+09 | Y30: 9.0041097e+09 | Z30: 8.6010556e+09 | AA30: =SUM(D30,F30,H30,J30,L30,N30,P30,R30,T30,V30,X30,Z30) -> 6.7170196e+10 | AB30: 2.7925037e+10 | AC30: =AA30/646 -> 1.0397863e+08 | AD30: =AB30/646 -> 43227612
A31: 30 | B31: OYO | C31: 9.9286198e+09 | D31: 8050029348 | E31: 8.1792637e+09 | F31: 5.9029708e+09 | G31: 8.7134112e+09 | H31: 6.4371183e+09 | I31: 7.8588775e+09 | J31: 5.7119614e+09 | K31: 8.9285868e+09 | L31: 7.3623302e+09 | M31: 1.0052133e+10 | N31: 8.4857527e+09 | O31: 1.0993755e+10 | P31: 9.3192669e+09 | Q31: 1.242978e+10 | R31: 1.0564544e+10 | S31: 1.0290734e+10 | T31: 8.4183246e+09 | U31: 1.0706755e+10 | V31: 9.0322663e+09 | W31: 1.1740441e+10 | X31: 9.9952459e+09 | Y31: 1.4106569e+10 | Z31: 1.2361851e+10 | AA31: =SUM(D31,F31,H31,J31,L31,N31,P31,R31,T31,V31,X31,Z31) -> 1.0164166e+11 | AB31: 5.2745497e+10 | AC31: =AA31/646 -> 1.5734003e+08 | AD31: =AB31/646 -> 81649376
A32: 31 | B32: PLATEAU | C32: 7.5303789e+09 | D32: 5.6915935e+09 | E32: 6.1132358e+09 | F32: 3.7877824e+09 | G32: 6.1321643e+09 | H32: 3.8067109e+09 | I32: 5.7564705e+09 | J32: 3.4310171e+09 | K32: 6.3858348e+09 | L32: 4.5682425e+09 | M32: 7.5568142e+09 | N32: 5.7391065e+09 | O32: 7.9652453e+09 | P32: 6.4778851e+09 | Q32: 8.963077e+09 | R32: 7.0705126e+09 | S32: 7.0121617e+09 | T32: 5.1325543e+09 | U32: 7.5017838e+09 | V32: 6.028859e+09 | W32: 8.6814052e+09 | X32: 7.12793e+09 | Y32: 9.4556821e+09 | Z32: 7.9098629e+09 | AA32: =SUM(D32,F32,H32,J32,L32,N32,P32,R32,T32,V32,X32,Z32) -> 6.6772057e+10 | AB32: 2.5844932e+10 | AC32: =AA32/646 -> 1.0336232e+08 | AD32: =AB32/646 -> 40007634
A33: 32 | B33: RIVERS | C33: 4.1439841e+10 | D33: 4.0446573e+10 | E33: 2.4561202e+10 | F33: 2.2803605e+10 | G33: 2.5822815e+10 | H33: 2.4065218e+10 | I33: 2.5444403e+10 | J33: 2.3686805e+10 | K33: 2.8045459e+10 | L33: 2.7077959e+10 | M33: 2.8275629e+10 | N33: 2.730801e+10 | O33: 2.4812364e+10 | P33: 2.4455186e+10 | Q33: 2.3009784e+10 | R33: 2.2272539e+10 | S33: 2.7954492e+10 | T33: 2.7230628e+10 | U33: 2.3050534e+10 | V33: 2.2708264e+10 | W33: 2.7720383e+10 | X33: 2.7294923e+10 | Y33: 2.6647555e+10 | Z33: 2.5225404e+10 | AA33: =SUM(D33,F33,H33,J33,L33,N33,P33,R33,T33,V33,X33,Z33) -> 3.1457511e+11 | AB33: 1.9541458e+11 | AC33: =AA33/646 -> 4.8695838e+08 | AD33: =AB33/646 -> 3.0249935e+08
A34: 33 | B34: SOKOTO | C34: 7.9104921e+09 | D34: 6.6766941e+09 | E34: 6.3916512e+09 | F34: 4.6100806e+09 | G34: 6.1865891e+09 | H34: 4.4050186e+09 | I34: 6.0218247e+09 | J34: 4.2402541e+09 | K34: 6.6168362e+09 | L34: 5.4077063e+09 | M34: 7.8385762e+09 | N34: 6.6293245e+09 | O34: 8.2899743e+09 | P34: 7.4165378e+09 | Q34: 9.3475373e+09 | R34: 8.1908355e+09 | S34: 7.453002e+09 | T34: 6.2892512e+09 | U34: 7.9305144e+09 | V34: 6.8425718e+09 | W34: 9.0435271e+09 | X34: 7.9624272e+09 | Y34: 1.0002354e+10 | Z34: 8.9217221e+09 | AA34: =SUM(D34,F34,H34,J34,L34,N34,P34,R34,T34,V34,X34,Z34) -> 7.7592424e+10 | AB34: 1.7961334e+10 | AC34: =AA34/646 -> 1.2011211e+08 | AD34: =AB34/646 -> 27803923
A35: 34 | B35: TARABA | C35: 6.8192409e+09 | D35: 5.6918007e+09 | E35: 5.5737895e+09 | F35: 4.3541316e+09 | G35: 5.4552507e+09 | H35: 4.2355928e+09 | I35: 5.222543e+09 | J35: 4.0028852e+09 | K35: 5.8659573e+09 | L35: 4.8045883e+09 | M35: 6.8238069e+09 | N35: 6.1593151e+09 | O35: 7.236969e+09 | P35: 7.052475e+09 | Q35: 8.1136103e+09 | R35: 7.7185815e+09 | S35: 6.5700055e+09 | T35: 6.1688155e+09 | U35: 6.8494786e+09 | V35: 6.6649846e+09 | W35: 8.2757263e+09 | X35: 8.0305068e+09 | Y35: 8.838031e+09 | Z35: 8.5932209e+09 | AA35: =SUM(D35,F35,H35,J35,L35,N35,P35,R35,T35,V35,X35,Z35) -> 7.3476898e+10 | AB35: 1.0869178e+10 | AC35: =AA35/646 -> 1.1374133e+08 | AD35: =AB35/646 -> 16825353
A36: 35 | B36: YOBE | C36: 6.9584828e+09 | D36: 6.2377667e+09 | E36: 5.663005e+09 | F36: 4.5132264e+09 | G36: 5.4298297e+09 | H36: 4.2414326e+09 | I36: 5.4256766e+09 | J36: 4.2523195e+09 | K36: 5.8860423e+09 | L36: 5.147479e+09 | M36: 6.9964956e+09 | N36: 6.2578226e+09 | O36: 7.4682083e+09 | P36: 6.9745257e+09 | Q36: 8.4130576e+09 | R36: 7.8574213e+09 | S36: 6.5935201e+09 | T36: 6.0315324e+09 | U36: 6.9115408e+09 | V36: 6.4178582e+09 | W36: 8.0677023e+09 | X36: 7.5114195e+09 | Y36: 8.7790058e+09 | Z36: 8.223145e+09 | AA36: =SUM(D36,F36,H36,J36,L36,N36,P36,R36,T36,V36,X36,Z36) -> 7.3665949e+10 | AB36: 1.1194721e+10 | AC36: =AA36/646 -> 1.1403398e+08 | AD36: =AB36/646 -> 17329290
A37: 36 | B37: ZAMFARA | C37: 7.2190428e+09 | D37: 6.0037846e+09 | E37: 5.8926951e+09 | F37: 4.2181298e+09 | G37: 5.6846804e+09 | H37: 4.0142851e+09 | I37: 5.5258613e+09 | J37: 3.855466e+09 | K37: 6.0821473e+09 | L37: 4.8607628e+09 | M37: 7.269543e+09 | N37: 5.9282786e+09 | O37: 7.6407669e+09 | P37: 6.8776792e+09 | Q37: 8.6143726e+09 | R37: 7.5462843e+09 | S37: 6.8261006e+09 | T37: 5.7516774e+09 | U37: 7.187957e+09 | V37: 6.4249794e+09 | W37: 8.4101852e+09 | X37: 7.584514e+09 | Y37: 9.1790308e+09 | Z37: 8.3538225e+09 | AA37: =SUM(D37,F37,H37,J37,L37,N37,P37,R37,T37,V37,X37,Z37) -> 7.1419664e+10 | AB37: 2.2162591e+10 | AC37: =AA37/646 -> 1.1055675e+08 | AD37: =AB37/646 -> 34307416
A38: 37 | B38: FCT | D38: 6.6139215e+09 | F38: 6.2341309e+09 | J38: 7.1296606e+09 | L38: 8.8099137e+09 | N38: 8.49863e+09 | P38: 9.3796864e+09 | R38: 1.0492603e+10 | T38: 8.0880098e+09 | V38: 8.4656842e+09 | X38: 1.0036613e+10 | Z38: 1.0597801e+10 | AA38: =SUM(D38,F38,H38,J38,L38,N38,P38,R38,T38,V38,X38,Z38) -> 9.4346655e+10 | AB38: 2.1110029e+11 | AC38: =AA38/646 -> 1.4604745e+08 | AD38: =AB38/646 -> 3.2678063e+08
AA39: =SUM(AA2:AA38) -> 4.0052566e+12 | AC39: =AA39/646 -> 6.2000876e+09

Sheet 2024
A1: S/N | B1: State | C1: jan_gross | D1: jannet | E1: Gross feb | F1: febnet | G1: Gross mar | H1: marnet | I1: Gross apr | J1: april_net | K1: may_gross | L1: maynet | M1: Gross june | N1: netjune | O1: Gross July | P1: netJuly | Q1: Gross August | R1: augnet | S1: Gross Sept | T1: sept net | U1: Gross Oct | V1: net oct | W1: Gross Nov | X1: net Nov | Y1: Gross Dec | Z1: dec net | AA1: Total Net | AB1: Total IGR | AC1: Total Net USD | AD1: Total IGR USD
A2: 1 | B2: ABIA | C2: 8.9832253e+09 | D2: 8.3255868e+09 | E2: 9.7667984e+09 | F2: 8.999379e+09 | G2: 9.6999904e+09 | H2: 9.1344442e+09 | I2: 1.0269338e+10 | J2: 9.6952115e+09 | K2: 9.8715758e+09 | L2: 9.2808607e+09 | M2: 1.1157592e+10 | N2: 1.0573158e+10 | O2: 1.1584228e+10 | P2: 1.0572446e+10 | Q2: 1.0340299e+10 | R2: 9.3366709e+09 | S2: 1.096834e+10 | T2: 9.890899e+09 | U2: 1.2125483e+10 | V2: 1.1140645e+10 | W2: 1.4974144e+10 | X2: 1.3971609e+10 | Y2: 1.2313768e+10 | Z2: 1.1277583e+10 | AA2: =SUM(D2,F2,H2,J2,L2,N2,P2,R2,T2,V2,X2,Z2) -> 1.2219849e+11 | AB2: 4.0009341e+10 | AC2: =AA2/1480 -> 82566549 | AD2: =AB2/1480 -> 27033338
A3: 2 | B3: ADAMAWA | C3: 9.3033093e+09 | D3: 8.4037755e+09 | E3: 8.7595687e+09 | F3: 7.5075503e+09 | G3: 9.5089942e+09 | H3: 8.5984565e+09 | I3: 9.4951438e+09 | J3: 8.5846248e+09 | K3: 9.6915888e+09 | L3: 8.7592496e+09 | M3: 1.0945996e+10 | N3: 1.0035477e+10 | O3: 1.1117022e+10 | P3: 9.7770672e+09 | Q3: 9.932217e+09 | R3: 8.5922815e+09 | S3: 1.0729941e+10 | T3: 9.2932682e+09 | U3: 1.2143885e+10 | V3: 1.0785055e+10 | W3: 1.3095431e+10 | X3: 1.1755625e+10 | Y3: 1.2021963e+10 | Z3: 1.0621899e+10 | AA3: =SUM(D3,F3,H3,J3,L3,N3,P3,R3,T3,V3,X3,Z3) -> 1.1271433e+11 | AB3: 2.0298223e+10 | AC3: =AA3/1480 -> 76158331 | AD3: =AB3/1480 -> 13715015
A4: 3 | B4: AKWA IBOM | C4: 2.7675364e+10 | D4: 2.6560328e+10 | E4: 4.3656571e+10 | F4: 4.1655412e+10 | G4: 2.7810389e+10 | H4: 2.5993885e+10 | I4: 3.5059207e+10 | J4: 3.3312264e+10 | K4: 3.2407951e+10 | L4: 3.0603869e+10 | M4: 2.9711564e+10 | N4: 2.7953553e+10 | O4: 3.4660984e+10 | P4: 3.2639369e+10 | Q4: 2.9745057e+10 | R4: 2.7732237e+10 | S4: 2.8453585e+10 | T4: 2.6415779e+10 | U4: 3.6457296e+10 | V4: 3.4927475e+10 | W4: 5.2548753e+10 | X4: 5.0999972e+10 | Y4: 3.3726065e+10 | Z4: 3.2141194e+10 | AA4: =SUM(D4,F4,H4,J4,L4,N4,P4,R4,T4,V4,X4,Z4) -> 3.9093534e+11 | AB4: 7.5768018e+10 | AC4: =AA4/1480 -> 2.641455e+08 | AD4: =AB4/1480 -> 51194607
A5: 4 | B5: ANAMBRA | C5: 1.0581239e+10 | D5: 1.003247e+10 | E5: 1.1103132e+10 | F5: 1.0496052e+10 | G5: 1.1322655e+10 | H5: 1.0936498e+10 | I5: 1.2119918e+10 | J5: 1.1733761e+10 | K5: 1.2091177e+10 | L5: 1.1683156e+10 | M5: 1.2957219e+10 | N5: 1.2571062e+10 | O5: 1.3769555e+10 | P5: 1.2996276e+10 | Q5: 1.2599751e+10 | R5: 1.1826473e+10 | S5: 1.2990194e+10 | T5: 1.2110289e+10 | U5: 1.4447495e+10 | V5: 1.3665299e+10 | W5: 1.7876248e+10 | X5: 1.7102969e+10 | Y5: 1.3944614e+10 | Z5: 1.3111241e+10 | AA5: =SUM(D5,F5,H5,J5,L5,N5,P5,R5,T5,V5,X5,Z5) -> 1.4826555e+11 | AB5: 4.2689648e+10 | AC5: =AA5/1480 -> 1.0017942e+08 | AD5: =AB5/1480 -> 28844357
A6: 5 | B6: BAUCHI | C6: 1.0988695e+10 | D6: 8.2405349e+09 | E6: 1.003257e+10 | F6: 7.0023607e+09 | G6: 1.0699789e+10 | H6: 8.2800687e+09 | I6: 1.0947869e+10 | J6: 7.7705812e+09 | K6: 1.0741862e+10 | L6: 7.5382713e+09 | M6: 1.2849893e+10 | N6: 9.6726046e+09 | O6: 1.2758185e+10 | P6: 9.2788907e+09 | Q6: 1.1352284e+10 | R6: 7.8729905e+09 | S6: 1.2410181e+10 | T6: 8.8026132e+09 | U6: 1.3349174e+10 | V6: 9.8591528e+09 | W6: 1.5209897e+10 | X6: 1.1730603e+10 | Y6: 1.3610379e+10 | Z6: 1.005879e+10 | AA6: =SUM(D6,F6,H6,J6,L6,N6,P6,R6,T6,V6,X6,Z6) -> 1.0610746e+11 | AB6: 3.2427555e+10 | AC6: =AA6/1480 -> 71694231 | AD6: =AB6/1480 -> 21910510
A7: 6 | B7: BAYELSA | C7: 2.3503894e+10 | D7: 2.2832942e+10 | E7: 3.8697312e+10 | F7: 3.7186106e+10 | G7: 2.6924407e+10 | H7: 2.5568707e+10 | I7: 3.1058091e+10 | J7: 2.9694284e+10 | K7: 2.669431e+10 | L7: 2.5232142e+10 | M7: 2.6214104e+10 | N7: 2.4840556e+10 | O7: 2.8366922e+10 | P7: 2.6685645e+10 | Q7: 2.6409005e+10 | R7: 2.4735433e+10 | S7: 2.6514765e+10 | T7: 2.4738655e+10 | U7: 3.7982142e+10 | V7: 3.6293536e+10 | W7: 5.2269677e+10 | X7: 5.0564348e+10 | Y7: 3.6860024e+10 | Z7: 3.5122898e+10 | AA7: =SUM(D7,F7,H7,J7,L7,N7,P7,R7,T7,V7,X7,Z7) -> 3.6349525e+11 | AB7: 6.4013288e+10 | AC7: =AA7/1480 -> 2.456049e+08 | AD7: =AB7/1480 -> 43252222
A8: 7 | B8: BENUE | C8: 1.0106379e+10 | D8: 9.725048e+09 | E8: 9.492578e+09 | F8: 9.0028685e+09 | G8: 1.0801908e+10 | H8: 1.0419754e+10 | I8: 1.0606886e+10 | J8: 1.0214457e+10 | K8: 1.0075359e+10 | L8: 9.6630611e+09 | M8: 1.2042956e+10 | N8: 1.1638181e+10 | O8: 1.2160503e+10 | P8: 1.1598973e+10 | Q8: 1.1044872e+10 | R8: 1.0493108e+10 | S8: 1.1922135e+10 | T8: 1.1240408e+10 | U8: 1.2771356e+10 | V8: 1.2200537e+10 | W8: 1.4356851e+10 | X8: 1.3764838e+10 | Y8: 1.3469102e+10 | Z8: 1.2836786e+10 | AA8: =SUM(D8,F8,H8,J8,L8,N8,P8,R8,T8,V8,X8,Z8) -> 1.3279802e+11 | AB8: 2.0434775e+10 | AC8: =AA8/1480 -> 89728391 | AD8: =AB8/1480 -> 13807280
A9: 8 | B9: BORNO | C9: 1.0841647e+10 | D9: 1.0511408e+10 | E9: 1.0179714e+10 | F9: 9.8879787e+09 | G9: 1.0808917e+10 | H9: 1.0593154e+10 | I9: 1.1323449e+10 | J9: 1.1107687e+10 | K9: 1.0841747e+10 | L9: 1.0598664e+10 | M9: 1.2993453e+10 | N9: 1.277769e+10 | O9: 1.2880059e+10 | P9: 1.2503212e+10 | Q9: 1.1533724e+10 | R9: 1.1156877e+10 | S9: 1.2457122e+10 | T9: 1.1947039e+10 | U9: 1.3156012e+10 | V9: 1.2768023e+10 | W9: 1.5569469e+10 | X9: 1.5192622e+10 | Y9: 1.3496124e+10 | Z9: 1.3044186e+10 | AA9: =SUM(D9,F9,H9,J9,L9,N9,P9,R9,T9,V9,X9,Z9) -> 1.4208854e+11 | AB9: 2.7803528e+10 | AC9: =AA9/1480 -> 96005770 | AD9: =AB9/1480 -> 18786167
A10: 9 | B10: CROSS RIVER | C10: 8.8632929e+09 | D10: 6.609029e+09 | E10: 8.4350106e+09 | F10: 5.3421192e+09 | G10: 8.9947125e+09 | H10: 6.6888787e+09 | I10: 9.2406001e+09 | J10: 6.9255523e+09 | K10: 8.871493e+09 | L10: 6.5386305e+09 | M10: 1.0609169e+10 | N10: 8.2830517e+09 | O10: 1.0776147e+10 | P10: 8.1363761e+09 | Q10: 9.6169109e+09 | R10: 6.9858967e+09 | S10: 1.0402954e+10 | T10: 7.655408e+09 | U10: 1.1081114e+10 | V10: 8.4330138e+09 | W10: 1.2813707e+10 | X10: 1.0146602e+10 | Y10: 1.1378027e+10 | Z10: 8.6747849e+09 | AA10: =SUM(D10,F10,H10,J10,L10,N10,P10,R10,T10,V10,X10,Z10) -> 9.0419343e+10 | AB10: 4.701824e+10 | AC10: =AA10/1480 -> 61094151 | AD10: =AB10/1480 -> 31769081
A11: 10 | B11: DELTA | C11: 3.9591947e+10 | D11: 3.8110901e+10 | E11: 6.5250975e+10 | F11: 6.2776473e+10 | G11: 4.0403557e+10 | H11: 3.7793842e+10 | I11: 5.0536612e+10 | J11: 4.7917597e+10 | K11: 4.641669e+10 | L11: 4.3779684e+10 | M11: 4.2461764e+10 | N11: 3.9831569e+10 | O11: 4.7417578e+10 | P11: 4.4848327e+10 | Q11: 4.6258887e+10 | R11: 4.3698478e+10 | S11: 4.2570401e+10 | T11: 39892326999 | U11: 5.571847e+10 | V11: 5.314081e+10 | W11: 7.2896515e+10 | X11: 7.0299665e+10 | Y11: 4.1730111e+10 | Z11: 3.9096772e+10 | AA11: =SUM(D11,F11,H11,J11,L11,N11,P11,R11,T11,V11,X11,Z11) -> 5.6118644e+11 | AB11: 1.5778519e+11 | AC11: =AA11/1480 -> 3.7918003e+08 | AD11: =AB11/1480 -> 1.0661161e+08
A12: 11 | B12: EBONYI | C12: 8.1028052e+09 | D12: 7.2531609e+09 | E12: 7.8138537e+09 | F12: 6.7144395e+09 | G12: 8.4580492e+09 | H12: 7.5977964e+09 | I12: 8.6347416e+09 | J12: 7.8395083e+09 | K12: 8.3110642e+09 | L12: 7.4817693e+09 | M12: 9.9104527e+09 | N12: 9.1152193e+09 | O12: 1.0181442e+10 | P12: 8.9346852e+09 | Q12: 8.8541152e+09 | R12: 7.6059278e+09 | S12: 9.4628758e+09 | T12: 8.1223037e+09 | U12: 1.0297802e+10 | V12: 9.0680959e+09 | W12: 1.1556613e+10 | X12: 1.0317018e+10 | Y12: 1.0504064e+10 | Z12: 9.2114901e+09 | AA12: =SUM(D12,F12,H12,J12,L12,N12,P12,R12,T12,V12,X12,Z12) -> 9.9261415e+10 | AB12: 1.3177829e+10 | AC12: =AA12/1480 -> 67068523 | AD12: =AB12/1480 -> 8903938.8
A13: 12 | B13: EDO | C13: 1.1839041e+10 | D13: 1.0161853e+10 | E13: 1.4269349e+10 | F13: 1.1996595e+10 | G13: 1.2176214e+10 | H13: 1.0482766e+10 | I13: 1.3538739e+10 | J13: 1.1836724e+10 | K13: 1.2825076e+10 | L13: 1.1106495e+10 | M13: 1.4583068e+10 | N13: 1.2870759e+10 | O13: 1.4435947e+10 | P13: 1.1739976e+10 | Q13: 1.284748e+10 | R13: 1.0159652e+10 | S13: 1.3464681e+10 | T13: 1.0668494e+10 | U13: 1.6048535e+10 | V13: 1.3344819e+10 | W13: 1.6545451e+10 | X13: 1.3824064e+10 | Y13: 1.4984249e+10 | Z13: 1.2229259e+10 | AA13: =SUM(D13,F13,H13,J13,L13,N13,P13,R13,T13,V13,X13,Z13) -> 1.4042146e+11 | AB13: 9.1151909e+10 | AC13: =AA13/1480 -> 94879362 | AD13: =AB13/1480 -> 61589127
... A37: 36 | B37: ZAMFARA | C37: 8.9399159e+09 | D37: 7.9797793e+09 | E37: 8.539669e+09 | F37: 7.3210729e+09 | G37: 9.1666075e+09 | H37: 8.1042427e+09 | I37: 9.3624247e+09 | J37: 8.3000999e+09 | K37: 9.0619313e+09 | L37: 8.0170944e+09 | M37: 1.0754584e+10 | N37: 9.6922592e+09 | O37: 1.1475704e+10 | P37: 1.0392415e+10 | Q37: 9.7055604e+09 | R37: 8.6223111e+09 | S37: 1.0911374e+10 | T37: 9.7214496e+09 | U37: 1.1448195e+10 | V37: 1.0356102e+10 | W37: 1.3098371e+10 | X37: 1.2015242e+10 | Y37: 1.1618113e+10 | Z37: 1.0474889e+10 | AA37: =SUM(D37,F37,H37,J37,L37,N37,P37,R37,T37,V37,X37,Z37) -> 1.1099696e+11 | AB37: 2.5455961e+10 | AC37: =AA37/1480 -> 74997944 | AD37: =AB37/1480 -> 17199973
A38: 37 | B38: FCT | D38: 1.0371412e+10 | F38: 9.4744488e+09 | H38: 1.0084608e+10 | I38: 1.0628249e+10 | L38: 1.0119017e+10 | N38: 12,339,660,840.37 | P38: 1.1972562e+10 | R38: 1.0533167e+10 | T38: 1.1574518e+10 | V38: 1.2283358e+10 | X38: 1.4831986e+10 | Z38: 1.2604399e+10 | AA38: =SUM(D38,F38,H38,J38,L38,N38,P38,R38,T38,V38,X38,Z38) -> 1.1384948e+11 | AB38: 2.8236406e+11 | AC38: =AA38/1480 -> 76925322 | AD38: =AB38/1480 -> 1.9078652e+08
AA39: =SUM(AA2:AA38) -> 5.9492334e+12 | AC39: =AA39/1480 -> 4.0197523e+09

Sheet 2025
A1: SNo | B1: State | C1: jan_gross_allocation | D1: jannet | E1: feb_gross_allocation | F1: febnet | G1: mar_gross_allocation | H1: marnet | I1: apr_gross_allocation | J1: aprnet | K1: may_gross_allocation | L1: maynet | M1: jun_gross_allocation | N1: junnet | O1: jul_gross_allocation | P1: julynet | Q1: aug_gross_allocation | R1: augnet | S1: sep_gross_allocation | T1: sept net | U1: oct_gross_allocation | V1: Oct_net | W1: nov_gross_allocation | X1: nov net | Y1: dec_gross_allocation | Z1: dec_net | AA1: Total Net | AB1: Total Net USD | AC1: Total IGR USD
A2: 1 | B2: ABIA | C2: 1.4745019e+10 | D2: 1.3777065e+10 | E2: 1.4472974e+10 | F2: 1.3492098e+10 | G2: 1.3895316e+10 | H2: 1.3044309e+10 | I2: 1.4909523e+10 | J2: 1.3907234e+10 | K2: 1.4875802e+10 | L2: 1.3892962e+10 | M2: 1.5414471e+10 | N2: 1.4544834e+10 | O2: 1.6200629e+10 | P2: 1.5457996e+10 | Q2: 1.8192713e+10 | R2: 1.7438114e+10 | S2: 1.7970769e+10 | T2: 1.7236857e+10 | U2: 1.7457506e+10 | V2: 1.6711948e+10 | W2: 1.6041927e+10 | X2: 1.529339e+10 | Y2: 1.7405584e+10 | Z2: 1.6681942e+10 | AA2: =SUM(D2,F2,H2,J2,L2,N2,P2,R2,T2,V2,X2,Z2) -> 1.8147875e+11 | AB2: =AA2/1544 -> 1.1753805e+08
A3: 2 | B3: ADAMAWA | C3: 1.401891e+10 | D3: 1.2798324e+10 | E3: 1.3226343e+10 | F3: 1.1997645e+10 | G3: 1.2785191e+10 | H3: 1.1688029e+10 | I3: 1.3366235e+10 | J3: 1.2114225e+10 | K3: 1.372365e+10 | L3: 1.2485228e+10 | M3: 1.5297644e+10 | N3: 1.420053e+10 | O3: 1.5871048e+10 | P3: 1.4803025e+10 | Q3: 1.7351081e+10 | R3: 1.6283079e+10 | S3: 1.6979854e+10 | T3: 1.5911874e+10 | U3: 1.6632905e+10 | V3: 1.5564946e+10 | W3: 1.5081438e+10 | X3: 1.40135e+10 | Y3: 1.7548302e+10 | Z3: 1.6480387e+10 | AA3: =SUM(D3,F3,H3,J3,L3,N3,P3,R3,T3,V3,X3,Z3) -> 1.6834079e+11 | AB3: =AA3/1544 -> 1.0902901e+08
A4: 3 | B4: AKWA IBOM | C4: 3.9521478e+10 | D4: 3.7955344e+10 | E4: 4.0941407e+10 | F4: 3.9361441e+10 | G4: 4.0399778e+10 | H4: 3.8959296e+10 | I4: 4.6211299e+10 | J4: 4.4608427e+10 | K4: 3.9547111e+10 | L4: 3.7965164e+10 | M4: 4.0335294e+10 | N4: 3.887494e+10 | O4: 4.1729063e+10 | P4: 4.0385479e+10 | Q4: 5.6264907e+10 | R4: 5.4908519e+10 | S4: 4.4471176e+10 | T4: 4.3137044e+10 | U4: 4.4417266e+10 | V4: 4.3070675e+10 | W4: 4.4215826e+10 | X4: 4.2866081e+10 | Y4: 3.7212077e+10 | Z4: 3.5889108e+10 | AA4: =SUM(D4,F4,H4,J4,L4,N4,P4,R4,T4,V4,X4,Z4) -> 4.9798152e+11 | AB4: =AA4/1544 -> 3.2252689e+08
A5: 4 | B5: ANAMBRA | C5: 1.6679116e+10 | D5: 1.5984388e+10 | E5: 1.5347361e+10 | F5: 1.4644516e+10 | G5: 1.5348926e+10 | H5: 1.4777335e+10 | I5: 1.6150451e+10 | J5: 1.5424296e+10 | K5: 1.6597963e+10 | L5: 1.588535e+10 | M5: 1.7429433e+10 | N5: 1.6857842e+10 | O5: 1.8823098e+10 | P5: 1.8271596e+10 | Q5: 2.0608889e+10 | R5: 2.0057386e+10 | S5: 1.9973222e+10 | T5: 1.942172e+10 | U5: 1.9838721e+10 | V5: 1.9287219e+10 | W5: 1.6709401e+10 | X5: 1.6157899e+10 | Y5: 1.8357682e+10 | Z5: 1.7844721e+10 | AA5: =SUM(D5,F5,H5,J5,L5,N5,P5,R5,T5,V5,X5,Z5) -> 2.0461427e+11 | AB5: =AA5/1544 -> 1.3252219e+08
A6: 5 | B6: BAUCHI | C6: 1.6256094e+10 | D6: 1.2547295e+10 | E6: 1.5531457e+10 | F6: 1.1812893e+10 | G6: 1.4708348e+10 | H6: 1.1551093e+10 | I6: 1.536619e+10 | J6: 1.121618e+10 | K6: 1.5830186e+10 | L6: 1.2099871e+10 | M6: 16933126483 | N6: 1.3372467e+10 | O6: 1.8566176e+10 | P6: 1.4903416e+10 | Q6: 1.9879307e+10 | R6: 1.5721521e+10 | S6: 1.9899121e+10 | T6: 1.5540419e+10 | U6: 1.9217493e+10 | V6: 1.485879e+10 | W6: 1.7264664e+10 | X6: 1.2905961e+10 | Y6: 1.9342427e+10 | Z6: 1.4983724e+10 | AA6: =SUM(D6,F6,H6,J6,L6,N6,P6,R6,T6,V6,X6,Z6) -> 1.6151363e+11 | AB6: =AA6/1544 -> 1.0460727e+08
A7: 6 | B7: BAYELSA | C7: 4.046686e+10 | D7: 3.8628274e+10 | E7: 4.0906963e+10 | F7: 3.9056167e+10 | G7: 4.0695082e+10 | H7: 3.8967002e+10 | I7: 4.3447306e+10 | J7: 4.1576276e+10 | K7: 3.8060171e+10 | L7: 3.6207519e+10 | M7: 4.0593502e+10 | N7: 3.8847819e+10 | O7: 43216857459 | P7: 4.1524461e+10 | Q7: 5.6645273e+10 | R7: 5.494157e+10 | S7: 4.319019e+10 | T7: 4.1506034e+10 | U7: 4.5161196e+10 | V7: 4.3466036e+10 | W7: 3.9935441e+10 | X7: 3.8237466e+10 | Y7: 3.6911943e+10 | Z7: 3.5237492e+10 | AA7: =SUM(D7,F7,H7,J7,L7,N7,P7,R7,T7,V7,X7,Z7) -> 4.8819612e+11 | AB7: =AA7/1544 -> 3.1618919e+08
A8: 7 | B8: BENUE | C8: 1.5423696e+10 | D8: 1.4778276e+10 | E8: 1.5809831e+10 | F8: 1.5148935e+10 | G8: 1.3727753e+10 | H8: 1.3222396e+10 | I8: 1.4872678e+10 | J8: 1.4186137e+10 | K8: 1.4964772e+10 | L8: 1.4301523e+10 | M8: 1.6175596e+10 | N8: 1.5647928e+10 | O8: 1.7793676e+10 | P8: 1.7292006e+10 | Q8: 1.8913114e+10 | R8: 1.8397113e+10 | S8: 1.9519862e+10 | T8: 1.9028636e+10 | U8: 1.8141588e+10 | V8: 1.7636415e+10 | W8: 1.6171403e+10 | X8: 1.5662663e+10 | Y8: 1.9051211e+10 | Z8: 1.8572287e+10 | AA8: =SUM(D8,F8,H8,J8,L8,N8,P8,R8,T8,V8,X8,Z8) -> 1.9387432e+11 | AB8: =AA8/1544 -> 1.2556627e+08
A9: 8 | B9: BORNO | C9: 1.6334111e+10 | D9: 1.5820944e+10 | E9: 1.5319401e+10 | F9: 1.4827227e+10 | G9: 1.478793e+10 | H9: 1.445977e+10 | I9: 1.5280062e+10 | J9: 1.4758761e+10 | K9: 1.5534109e+10 | L9: 1.5029731e+10 | M9: 1.714757e+10 | N9: 1.681941e+10 | O9: 1.8583805e+10 | P9: 1.8280396e+10 | Q9: 2.0083275e+10 | R9: 1.9779866e+10 | S9: 2.0138588e+10 | T9: 1.9835179e+10 | U9: 1.9316369e+10 | V9: 1.901296e+10 | W9: 1.7389891e+10 | X9: 1.7086482e+10 | Y9: 1.9365721e+10 | Z9: 1.9062312e+10 | AA9: =SUM(D9,F9,H9,J9,L9,N9,P9,R9,T9,V9,X9,Z9) -> 2.0477304e+11 | AB9: =AA9/1544 -> 1.3262502e+08
A10: 9 | B10: CROSS RIVER | C10: 1.3611348e+10 | D10: 1.0768626e+10 | E10: 1.3001846e+10 | F10: 1.0145248e+10 | G10: 1.2171764e+10 | H10: 8.9422832e+09 | I10: 1.2885871e+10 | J10: 9.4939301e+09 | K10: 1.3260583e+10 | L10: 9.8895267e+09 | M10: 1.4294253e+10 | N10: 1.1044766e+10 | O10: 1.5692238e+10 | P10: 1.2165027e+10 | Q10: 1.6698713e+10 | R10: 1.3158653e+10 | S10: 1.672086e+10 | T10: 1.3203015e+10 | U10: 1.6069655e+10 | V10: 1.2539303e+10 | W10: 1.4343777e+10 | X10: 1.0810227e+10 | Y10: 1.6141952e+10 | Z10: 1.2635136e+10 | AA10: =SUM(D10,F10,H10,J10,L10,N10,P10,R10,T10,V10,X10,Z10) -> 1.3479574e+11 | AB10: =AA10/1544 -> 87302941
A11: 10 | B11: DELTA | C11: 5.0762963e+10 | D11: 4.8017936e+10 | E11: 5.3707383e+10 | F11: 5.0948345e+10 | G11: 5.355693e+10 | H11: 5.0938713e+10 | I11: 6.1634904e+10 | J11: 5.8852647e+10 | K11: 5.4864851e+10 | L11: 5.2103682e+10 | M11: 5.230278e+10 | N11: 4.9664363e+10 | O11: 5.3333958e+10 | P11: 5.0702659e+10 | Q11: 7.5040152e+10 | R11: 7.2395878e+10 | S11: 6.2692583e+10 | T11: 6.007074e+10 | U11: 6.4800054e+10 | V11: 6.2165584e+10 | W11: 5.7316121e+10 | X11: 5.4715749e+10 | Y11: 4.9727828e+10 | Z11: 4.715445e+10 | AA11: =SUM(D11,F11,H11,J11,L11,N11,P11,R11,T11,V11,X11,Z11) -> 6.5773075e+11 | AB11: =AA11/1544 -> 4.2599142e+08
A12: 11 | B12: EBONYI | C12: 1.2608618e+10 | D12: 1.1445301e+10 | E12: 1.2191328e+10 | F12: 1.1018131e+10 | G12: 1.1202549e+10 | H12: 1.0140859e+10 | I12: 1.1850229e+10 | J12: 1.0450523e+10 | K12: 1.2145181e+10 | L12: 1.0762907e+10 | M12: 1.315903e+10 | N12: 1.1902056e+10 | O12: 1.4391962e+10 | P12: 1.257232e+10 | Q12: 1.5401813e+10 | R12: 1.3576984e+10 | S12: 1.5332227e+10 | T12: 1.3518291e+10 | U12: 1.4807171e+10 | V12: 1.2988194e+10 | W12: 1.3339052e+10 | X12: 1.1516606e+10 | Y12: 1.4920597e+10 | Z12: 1.3196783e+10 | AA12: =SUM(D12,F12,H12,J12,L12,N12,P12,R12,T12,V12,X12,Z12) -> 1.4308896e+11 | AB12: =AA12/1544 -> 92674194
A13: 12 | B13: EDO | C13: 1.8558864e+10 | D13: 1.6044582e+10 | E13: 1.7879766e+10 | F13: 15352580137 | G13: 1.5633412e+10 | H13: 1.3235909e+10 | I13: 1.8039728e+10 | J13: 1.549116e+10 | K13: 1.7108806e+10 | L13: 1.4579659e+10 | M13: 1.8803503e+10 | N13: 1.6387198e+10 | O13: 2.0003123e+10 | P13: 1.7839508e+10 | Q13: 2.2490653e+10 | R13: 2.0315089e+10 | S13: 2.1112995e+10 | T13: 1.8958089e+10 | U13: 2.0944673e+10 | V13: 1.8778138e+10 | W13: 1.8088888e+10 | X13: 1.5919378e+10 | Y13: 1.8998547e+10 | Z13: 1.6853897e+10 | AA13: =SUM(D13,F13,H13,J13,L13,N13,P13,R13,T13,V13,X13,Z13) -> 1.9975519e+11 | AB13: =AA13/1544 -> 1.2937512e+08
... A37: 36 | B37: ZAMFARA | C37: 1.382375e+10 | D37: 1.2669951e+10 | E37: 1.3125763e+10 | F37: 1.196388e+10 | G37: 1.2544874e+10 | H37: 1.1514397e+10 | I37: 1.3389898e+10 | J37: 1.2204766e+10 | K37: 1.3486456e+10 | L37: 1.2314927e+10 | M37: 1.4352298e+10 | N37: 1.3321951e+10 | O37: 1.613622e+10 | P37: 1.515537e+10 | Q37: 1.6825725e+10 | R37: 1.5844955e+10 | S37: 1.7337967e+10 | T37: 1.6357247e+10 | U37: 1.6858705e+10 | V37: 1.5878025e+10 | W37: 1.475277e+10 | X37: 1.377214e+10 | Y37: 1.7182069e+10 | Z37: 1.6201479e+10 | AA37: =SUM(D37,F37,H37,J37,L37,N37,P37,R37,T37,V37,X37,Z37) -> 1.6719909e+11 | AB37: =AA37/1544 -> 1.0828957e+08
A38: 37 | B38: FCT | D38: 1.5405773e+10 | F38: 1.5219111e+10 | H38: 1.4089509e+10 | J38: 1.4914819e+10 | L38: 1.4986202e+10 | N38: 1.6604608e+10 | P38: 1.8444815e+10 | R38: 2.0061173e+10 | T38: 1.9324507e+10 | V38: 1.9173416e+10 | X38: 1.7581674e+10 | Z38: 1.8372527e+10 | AA38: =SUM(D38,F38,H38,J38,L38,N38,P38,R38,T38,V38,X38,Z38) -> 2.0417813e+11 | AB38: =AA38/1544 -> 1.3223972e+08
AA39: =SUM(AA2:AA38) -> 8.3633447e+12 | AB39: =AA39/1544 -> 5.4166741e+09

Sheet 2026
A1: SNo | B1: State | C1: Jan_gross | D1: Jan_net | E1: feb_gross | F1: feb_net | G1: mar_gross | H1: mar_net | I1: Gross april | J1: april net | K1: Total net for now
A2: 1 | B2: ABIA | C2: 1.7417207e+10 | D2: 1.6344867e+10 | E2: 1.5966975e+10 | F2: 1.4878612e+10 | G2: 1.6999202e+10 | H2: 1.6091516e+10 | I2: 1.9397133e+10 | J2: 1.8498928e+10 | K2: =SUM(D2,F2,H2,J2) -> 6.5813923e+10
A3: 2 | B3: ADAMAWA | C3: 1.8318809e+10 | D3: 1.7305983e+10 | E3: 1.5088121e+10 | F3: 1.4130424e+10 | G3: 1.5758452e+10 | H3: 1.5020951e+10 | I3: 1.7749058e+10 | J3: 1.7011557e+10 | K3: =SUM(D3,F3,H3,J3) -> 6.3468914e+10
A4: 3 | B4: AKWA IBOM | C4: 3.6783821e+10 | D4: 3.5221482e+10 | E4: 4.0161627e+10 | F4: 3.8650491e+10 | G4: 4.6154111e+10 | H4: 4.4837062e+10 | I4: 5.4891456e+10 | J4: 5.3584588e+10 | K4: =SUM(D4,F4,H4,J4) -> 1.7229362e+11
A5: 4 | B5: ANAMBRA | C5: 1.8926817e+10 | D5: 1.8387998e+10 | E5: 1.6494377e+10 | F5: 1.5936904e+10 | G5: 1.7797268e+10 | H5: 1.7459535e+10 | I5: 1.9822634e+10 | J5: 1.94849e+10 | K5: =SUM(D5,F5,H5,J5) -> 7.1269337e+10
A6: 5 | B6: BAUCHI | C6: 1.9401435e+10 | D6: 1.4245566e+10 | E6: 1.7048085e+10 | F6: 1.1939086e+10 | G6: 1.8519048e+10 | H6: 1.3694933e+10 | I6: 2.0305515e+10 | J6: 1.5481399e+10 | K6: =SUM(D6,F6,H6,J6) -> 5.5360983e+10
A7: 6 | B7: BAYELSA | C7: 4.0660288e+10 | D7: 3.9859899e+10 | E7: 4.1075231e+10 | F7: 3.9376503e+10 | G7: 4.2722453e+10 | H7: 4.1935608e+10 | I7: 5.2806338e+10 | J7: 5.2028453e+10 | K7: =SUM(D7,F7,H7,J7) -> 1.7320046e+11
A8: 7 | B8: BENUE | C8: 1.8165098e+10 | D8: 1.6933982e+10 | E8: 1.6062116e+10 | F8: 1.5165152e+10 | G8: 1.7440206e+10 | H8: 1.6759632e+10 | I8: 2.004172e+10 | J8: 1.9372502e+10 | K8: =SUM(D8,F8,H8,J8) -> 6.8231269e+10
A9: 8 | B9: BORNO | C9: 2.0443398e+10 | D9: 1.6457533e+10 | E9: 1.80534e+10 | F9: 1.6856309e+10 | G9: 1.8714887e+10 | H9: 1.7792377e+10 | I9: 2.0949756e+10 | J9: 2.0027246e+10 | K9: =SUM(D9,F9,H9,J9) -> 7.1133465e+10
A10: 9 | B10: CROSS RIVER | C10: 1.6399691e+10 | D10: 1.232728e+10 | E10: 1.4390884e+10 | F10: 1.0176575e+10 | G10: 1.5777892e+10 | H10: 1.1459316e+10 | I10: 1.706627e+10 | J10: 1.2757876e+10 | K10: =SUM(D10,F10,H10,J10) -> 4.6721046e+10
A11: 10 | B11: DELTA | C11: 4.8467159e+10 | D11: 4.5442834e+10 | E11: 5.3174006e+10 | F11: 5.0819521e+10 | G11: 5.5930676e+10 | H11: 5.3772105e+10 | I11: 6.9955557e+10 | J11: 6.7807267e+10 | K11: =SUM(D11,F11,H11,J11) -> 2.1784173e+11
A12: 11 | B12: EBONYI | C12: 1.5168863e+10 | D12: 1.4097959e+10 | E12: 1.3274239e+10 | F12: 1.2159495e+10 | G12: 1.4788757e+10 | H12: 1.3877449e+10 | I12: 1.5595975e+10 | J12: 1.4684667e+10 | K12: =SUM(D12,F12,H12,J12) -> 5.4819571e+10
A13: 12 | B13: EDO | C13: 1.9605881e+10 | D13: 1.5744146e+10 | E13: 1.8999526e+10 | F13: 1.5279585e+10 | G13: 1.8279329e+10 | H13: 1.4739807e+10 | I13: 2.0873116e+10 | J13: 1.7343061e+10 | K13: =SUM(D13,F13,H13,J13) -> 6.3106598e+10
... A37: 36 | B37: ZAMFARA | C37: 1.7584729e+10 | D37: 1.6580468e+10 | E37: 1.4601793e+10 | F37: 1.3394838e+10 | G37: 1.6664525e+10 | H37: 1.5677584e+10 | I37: 1.8085669e+10 | J37: 1.7098728e+10 | K37: =SUM(D37,F37,H37,J37) -> 6.2751618e+10
A38: 37 | B38: FCT | D38: 1.5764551e+10 | F38: 1.1418524e+10 | H38: 2.3206445e+10 | J38: 2.4284532e+10 | K38: =SUM(D38,F38,H38,J38) -> 7.4674053e+10
K39: =SUM(K2:K38) -> 3.0488242e+12

Sheet Sheet1
A1: total faac
A2: =SUM('2016'!AA39,'2017'!AA39,'2018'!AA39,'2019'!AA39,'2020'!AA39,'2021'!AA39,'2022'!AA39,'2023'!AA39,'2024'!AA39,'2025'!AA39,'2026'!K39) -> 3.783764e+13
